timestamp,Everything,No DishWasher,No WashingMach,Everything1,Everything2,No DishWasher1,No DishWasher2,No WashingMach1,No WashingMach2,Solar Production,Prosumer 1 (Everything1-PV),Consumer 1 (Everything),EV,Prosumer for EV (No DishWasher2-PV)
01/07/2021 00:00,257.1570757,40,207.6666667,232.0426064,223.2521974,284,265.9923273,509.7,42,0,232.0426064,257.1570757,7000,265.9923273
01/07/2021 00:15,273.4904091,40,144.3333333,335.620879,223.2521974,130.7333333,254.8237424,376.3666667,42,0,335.620879,273.4904091,7000,254.8237424
01/07/2021 00:30,349.4904091,40,43,178.3333333,304.8840658,54.66666667,254.8237424,277.4333333,42,0,178.3333333,349.4904091,7000,254.8237424
01/07/2021 00:45,138.9726626,40,43,320,243.0333333,282,352.4237424,196.0333333,42,0,320,138.9726626,7000,352.4237424
01/07/2021 01:00,52,142.6666667,43,267.6,191.7,93.33333333,322.0354929,298.7,143.3333333,0,267.6,52,7000,322.0354929
01/07/2021 01:15,103.6666667,84,81,66.66666667,191.7,42,355,196.0333333,206.6666667,0,66.66666667,103.6666667,7000,355
01/07/2021 01:30,234.6666667,40,233,201,191.7,42,279,188.7,42,0,201,234.6666667,7000,279
01/07/2021 01:45,242,40,81,56.33333333,191.7,42,165,188.7,42,0,56.33333333,242,7000,165
01/07/2021 02:00,77.33333333,40,43,46,272.3666667,109.3333333,140.6,188.7,42,0,46,77.33333333,7000,140.6
01/07/2021 02:15,52,40,43,236,265.0333333,278.6666667,43,188.7,42,0,236,52,7000,43
01/07/2021 02:30,52,54.66666667,43,193.3333333,191.7,42,43,291.3666667,105.3333333,0,193.3333333,52,7000,43
01/07/2021 02:45,52,150,144.3333333,201,191.7,42,144.3333333,210.7,232,0,201,52,7000,144.3333333
01/07/2021 03:00,363.6666667,62,207.6666667,56.33333333,191.7,42,233,188.7,54.66666667,0,56.33333333,363.6666667,7000,233
01/07/2021 03:15,190,40,43,46,191.7,42,68.33333333,188.7,42,0,46,190,7000,68.33333333
01/07/2021 03:30,52,40,43,84,114.6666667,186,43,188.7,42,0,84,52,7000,43
01/07/2021 03:45,52,40,43,256.6666667,151.3333333,202,43,188.7,42,0,256.6666667,52,7000,43
01/07/2021 04:00,52,40,43,289.6666667,56,42,43,276.7,67.33333333,0,289.6666667,52,7000,43
01/07/2021 04:15,178.6666667,76.66666667,207.6666667,56.33333333,56,42,43,225.3666667,232,0,56.33333333,178.6666667,0,43
01/07/2021 04:30,240.6666667,150,144.3333333,46,56,42,233,188.7,92.66666667,0,46,240.6666667,0,233
01/07/2021 04:45,186.3333333,40,43,46,56,64,169.6666667,188.7,42,0,46,186.3333333,0,169.6666667
01/07/2021 05:00,52,40,43,142.6666667,92.66666667,240.6666667,43,188.7,42,0,142.6666667,52,0,43
01/07/2021 05:15,52,40,43,391,166,125.3333333,43,161.56,42,0,391,52,0,43
01/07/2021 05:30,128,40,81,107,63.33333333,42,43,126.3333333,42,4,103,128,0,39
01/07/2021 05:45,229.3333333,79.66666667,233,46,56,42,43,104.3333333,219.3333333,7,39,229.3333333,0,36
01/07/2021 06:00,52,194.3333333,81,46,56,42,131.6666667,53,130.6666667,9,37,52,0,122.6666667
01/07/2021 06:15,196.6666667,282.3333333,43,66.66666667,56,115.3333333,233,53,42,5,61.66666667,196.6666667,0,228
01/07/2021 06:30,157,46.93333333,982.2,328.3333333,70.66666667,222,81,53,47.33333333,12,316.3333333,157,0,69
01/07/2021 06:45,213.3333333,40,1333.666667,299.6666667,166,92.66666667,43,490.1333333,87.33333333,16,283.6666667,213.3333333,0,27
01/07/2021 07:00,402,40,833.4,173.3333333,85.33333333,42,43,197,122,56,117.3333333,402,0,-13
01/07/2021 07:15,279.3333333,40,386.3333333,587.1333333,63.8,42,43,510.7333333,317.3333333,81,506.1333333,279.3333333,0,-38
01/07/2021 07:30,252,40,243,299.5333333,85,59.33333333,43,484.5333333,368.6666667,82,217.5333333,252,0,-39
01/07/2021 07:45,857.4,120.6666667,243,535,127.6666667,194.6666667,220.3333333,266,242,66,469,857.4,0,154.3333333
01/07/2021 08:00,376,106,243,475.6666667,189,332,182.3333333,266,42,73,402.6666667,376,0,109.3333333
01/07/2021 08:15,416.6666667,40,243,344.6666667,323,254,43,266,42,101,243.6666667,416.6666667,0,-58
01/07/2021 08:30,340.6666667,40,407.6666667,180,267.3333333,242,43,301.3333333,42,203,-23,340.6666667,0,-160
01/07/2021 08:45,252,40,344.3333333,203.0666667,655.8,242,43,340.6,158.4,194,9.066666667,252,0,-151
01/07/2021 09:00,255.4666667,53.33333333,243,272.6666667,390.8478261,797.3753623,67,266,321,233,39.66666667,255.4666667,0,-166
01/07/2021 09:15,265,120,109.6666667,182.2666667,527.210145,732.8768116,271,132.6666667,215,208,-25.73333333,265,0,63
01/07/2021 09:30,534,268,43,388,460.5434783,816.210145,433,63.4,245.6855307,258,130,534,0,175
01/07/2021 09:45,445.6666667,137.3333333,81,332.6666667,541.210145,619.5434783,291,61,233.5521974,254,78.66666667,445.6666667,0,37
01/07/2021 10:00,241,40,233,226.6666667,533.8768116,774.6768116,149.6666667,159.6666667,73.55219735,283,-56.33333333,241,0,-133.3333333
01/07/2021 10:15,225,40,81,361,460.5434783,3461.876811,43,228.3333333,136.8855307,435,-74,225,0,-392
01/07/2021 10:30,281.4666667,40,43,216.3333333,460.5434783,3081.343478,43,53,261.4487176,479,-262.6666667,281.4666667,0,-436
01/07/2021 10:45,408.4666667,40,43,244,460.5434783,612.5434783,43,79.66666667,54.66666667,269,-25,408.4666667,0,-226
01/07/2021 11:00,589.3333333,54.66666667,43,380,460.5434783,691.210145,223.6666667,151.6666667,42,283,97,589.3333333,0,-59.3333333
01/07/2021 11:15,435.6666667,150,144.3333333,337.9084246,519.210145,446.5434783,283,218.5333333,42,519,-181.0915754,435.6666667,0,-236
01/07/2021 11:30,531.3202899,62,207.6666667,371.2188641,555.8768116,446.5434783,192.3333333,348.6666667,42,620,-248.7811359,531.3202899,0,-427.6666667
01/07/2021 11:45,1134.676812,40,43,207.8855307,109.9391304,343.3927536,179,444,67.33333333,800,-592.1144693,1134.676812,0,-621
01/07/2021 12:00,698.2837713,40,43,197.5521974,56,122.6666667,163,323.3333333,232,606,-408.4478026,698.2837713,0,-443
01/07/2021 12:15,812.5153402,40,43,346.4716114,56,67.33333333,163,294,92.66666667,993,-646.5283886,812.5153402,0,-830
01/07/2021 12:30,1220.372751,40,43,498.6666667,56,181.3333333,226.3333333,296.6,122.6666667,1050,-551.3333333,1220.372751,0,-823.6666667
01/07/2021 12:45,923.619418,76.66666667,207.6666667,493.6666667,92.66666667,455.1333333,353,234.4,259,798,-304.3333333,923.619418,0,-445
01/07/2021 13:00,770.2860847,227.3333333,709.4,298.3333333,171.3333333,159.7681316,226.3333333,186,687.5294969,848,-549.6666667,770.2860847,0,-621.6666667
01/07/2021 13:15,1224.286085,168.6666667,123,296.4139193,384.0666667,324.4346923,1011.8,296,457.5391265,1204,-907.5860807,1224.286085,0,-192.2
01/07/2021 13:30,1023.021433,176.9412475,104.3333333,246.3521974,313.6933333,368.709273,2165,239.2666667,506.309273,1141,-894.6478026,1023.021433,0,1024
01/07/2021 13:45,873.0440324,275.8104091,43,345.5521974,892.652381,411.3759397,467.4,214,339.309273,933,-587.4478026,873.0440324,0,-465.6
01/07/2021 14:00,480.5237424,214.1570757,81,553.2188641,1576.312245,462.309273,43,174,95.22294176,869,-315.7811359,480.5237424,0,-826
01/07/2021 14:15,573.5237424,224.8237424,233,140.5521974,1586.645578,403.1391265,195,174,86.55219735,781,-640.4478026,573.5237424,0,-586
01/07/2021 14:30,463.1904091,270.4904091,81,71.24175788,1804.378912,459.0942454,207.6666667,174,55,524,-452.7582421,463.1904091,0,-316.3333333
01/07/2021 14:45,434.6098323,260.1256606,43,46,1766.645578,445.5333333,43,288,42,224,-178,434.6098323,0,-181
01/07/2021 15:00,499.7,40,43,66.66666667,752.1557823,232.3333333,43,234.4666667,226.9256606,214,-147.3333333,499.7,0,-171
01/07/2021 15:15,347.7,40,43,353,485.7,294.1333333,43,746.0666667,281.4904091,236,117,347.7,0,-193
01/07/2021 15:30,458.1,40,144.3333333,221,560.3,417.9771061,43,213,226.8237424,280,-59,458.1,0,-237
01/07/2021 15:45,389.7,40,207.6666667,46,625.3666667,389.2188641,93.66666667,223.6666667,666.4973686,971,-925,389.7,0,-877.3333333
01/07/2021 16:00,665.9666667,40,43,46,1344.433333,497.2188641,233,285.2666667,285.3759397,843,-797,665.9666667,0,-610
01/07/2021 16:15,719.3666667,120.6666667,43,66.66666667,698.0333333,431.2188641,119,457.8196646,283.0111912,1156,-1089.333333,719.3666667,0,-1037
01/07/2021 16:30,521.3666667,106,43,201,739.0333333,347.5611719,43,429.8237424,374.8855307,632,-431,521.3666667,0,-589
01/07/2021 16:45,508.7,40,43,246.3333333,783.5666667,343.3333333,43,385.8237424,454.3521974,427,-180.6666667,508.7,0,-384
01/07/2021 17:00,514.7666667,40,207.6666667,172.6666667,622.5,305.3333333,43,385.8237424,384.0347983,927,-754.3333333,514.7666667,0,-884
01/07/2021 17:15,408.7666667,40,144.3333333,46,574.1,685.8,43,696.890409,394.5521974,350,-304,408.7666667,0,-307
01/07/2021 17:30,574.4742454,40,43,66.66666667,603.7666667,337.3333333,259.6666667,273.2376617,394.5521974,372,-305.3333333,574.4742454,0,-112.3333333
01/07/2021 17:45,433.1570757,40,43,201,1528.033333,641.8,377.6666667,355.2816943,394.5521974,387,-186,433.1570757,0,-9.3333333
01/07/2021 18:00,276.8237424,142.6666667,43,94.33333333,1529.90696,242,736.0666667,430.0188641,450.6855307,227,-132.6666667,276.8237424,0,509.0666667
01/07/2021 18:15,271.6237424,84,81,236,674.4521973,368.6666667,229.6666667,496.5521974,476.5521974,130,106,271.6237424,0,99.6666667
01/07/2021 18:30,273.6707444,40,1238.666667,134.6666667,557.2521974,311.5521974,2094.666667,763.0855307,284.4945053,115,19.66666667,273.6707444,0,1979.666667
01/07/2021 18:45,404.3333333,40,2220.666667,66.66666667,552.0521974,235.5521974,2325.066667,1006.752197,258.9412475,160,-93.33333333,404.3333333,0,2165.066667
01/07/2021 19:00,700.2134449,40,510.3626275,257.7333333,602.9188641,117.5521974,524,682.1153842,354.2770757,254,3.733333333,700.2134449,0,270
01/07/2021 19:15,1707.909273,40,247.3759397,374,649.0445246,73.55219735,679.9412475,450.5750913,358.6904091,150,224,1707.909273,0,529.9412475
01/07/2021 19:30,1642.442607,54.66666667,268.709273,506.3333333,660.2481011,76.21886402,597.7023134,478.8855307,430.9689801,63,443.3333333,1642.442607,0,534.7023134
01/07/2021 19:45,899.3759398,150,519.6959397,679,645.5237424,291.7598517,310.7759397,1361.98769,719.7759397,34,645,899.3759398,0,276.7759397
01/07/2021 20:00,484.0078082,62,531.3759397,841.2393292,779.0620205,239.2904091,286.3759397,820.3426064,869.8426064,11,830.2393292,484.0078082,0,275.3759397
01/07/2021 20:15,577.9726626,40,377.4543569,1016.205793,747.1426064,501.6426064,286.3759397,1220.142606,507.6959397,2,1014.205793,577.9726626,0,284.3759397
01/07/2021 20:30,737.8271098,165.529497,1012.17594,542.709273,665.3426064,447.3759397,257.9856274,687.0759397,419.3759397,0,542.709273,737.8271098,0,257.9856274
01/07/2021 20:45,862.7005539,308.8237424,493.1759397,532.3759397,787.0759397,464.4661074,484.3750913,715.0759397,384.1043283,0,532.3759397,862.7005539,0,484.3750913
01/07/2021 21:00,872.0338873,364.8237424,401.4446213,686.709273,595.6759397,485.0855307,586.5521974,770.7426064,383.2376617,0,686.709273,872.0338873,0,586.5521974
01/07/2021 21:15,827.3672206,409.4904091,580.8356467,850.9036337,556.0759397,630.595363,405.2188641,662.8759397,583.709273,0,850.9036337,827.3672206,0,405.2188641
01/07/2021 21:30,979.3672206,481.2472434,516.509273,683.3313184,539.2481011,550.9411415,412.7051953,685.4994407,495.0426064,0,683.3313184,979.3672206,0,412.7051953
01/07/2021 21:45,670.9358055,336.8,401.0699438,506.4855307,489.3620297,560.1570757,554.6426064,687.0759397,406.3759397,0,506.4855307,670.9358055,0,554.6426064
01/07/2021 22:00,456.5434783,252.2158283,451.5359397,520.5521974,478.2521974,503.6237424,846.3938889,687.0759397,1027.762606,0,520.5521974,456.5434783,0,846.3938889
01/07/2021 22:15,497.8768116,264.8237424,539.8559397,483.8346923,751.0521974,525.2724599,267.8237424,709.0759397,366.0426064,0,483.8346923,497.8768116,0,267.8237424
01/07/2021 22:30,611.5434783,198.1570757,378.709273,644.709273,694.5855307,538.4661074,389.8237424,723.0759397,253.8237424,0,644.709273,611.5434783,0,389.8237424
01/07/2021 22:45,633.8768116,64.82374237,397.3759397,808.570995,658.4147771,652.2426064,314.0040778,356.5426064,259.8237424,0,808.570995,633.8768116,0,314.0040778
01/07/2021 23:00,154.9695652,123.4904091,245.3759397,492.9570757,645.5237424,380.909273,262.6666667,353.0759397,180.4904091,0,492.9570757,154.9695652,0,262.6666667
01/07/2021 23:15,52,139.8237424,207.3759397,525.2237424,556.7904091,206.3759397,248.7333333,345.009273,53.82374237,0,525.2237424,52,0,248.7333333
01/07/2021 23:30,65.33333333,41.57649898,120.3172931,458.7514151,475.0620204,200.8581933,247.729497,221.5585406,53.82374237,0,458.7514151,65.33333333,0,247.729497
01/07/2021 23:45,52,40,43,410.7466667,525.409273,177.7243588,254.8237424,196.0333333,49.88249491,0,410.7466667,52,0,254.8237424
02/07/2021 00:00,302.6666667,40,144.3333333,656.0666667,397.9502792,201,368.8237424,298.7,42,0,656.0666667,302.6666667,0,368.8237424
02/07/2021 00:15,251,40,207.6666667,383,344.2521974,313.8666667,439.3059959,196.0333333,143.3333333,0,383,251,0,439.3059959
02/07/2021 00:30,52,40,43,46,340.0452377,100.6666667,189,188.7,206.6666667,0,46,52,0,189
02/07/2021 00:45,52,120.6666667,43,64.66666667,280.4333333,42,43,188.7,42,0,64.66666667,52,0,43
02/07/2021 01:00,52,106,43,66.66666667,191.7,42,43,188.7,42,0,66.66666667,52,0,43
02/07/2021 01:15,128,40,43,239,272.3666667,42,43,188.7,42,0,239,128,0,43
02/07/2021 01:30,281,40,207.6666667,246.3333333,201.7066667,127.3333333,55.66666667,291.3666667,42,0,246.3333333,281,0,55.66666667
02/07/2021 01:45,196.6666667,40,144.3333333,134.6666667,56,253.3333333,233,210.7,105.3333333,0,134.6666667,196.6666667,0,233
02/07/2021 02:00,52,40,43,46,56,49.33333333,157,188.7,232,0,46,52,0,157
02/07/2021 02:15,52,40,43,66.66666667,56,42,43,107.28,54.66666667,0,66.66666667,52,0,43
02/07/2021 02:30,77.33333333,142.6666667,43,201,56,42,43,53,42,0,201,77.33333333,0,43
02/07/2021 02:45,242,84,81,132.3333333,114.6666667,42,43,53,42,0,132.3333333,242,0,43
02/07/2021 03:00,90,40,233,236,151.3333333,204,43,141,42,0,236,90,0,43
02/07/2021 03:15,186.3333333,40,81,96.66666667,56,184,144.3333333,89.66666667,67.33333333,0,96.66666667,186.3333333,0,144.3333333
02/07/2021 03:30,114,40,43,66.66666667,56,42,233,53,232,0,66.66666667,114,0,233
02/07/2021 03:45,52,40,43,201,56,42,92.33333333,53,92.66666667,0,201,52,0,92.33333333
02/07/2021 04:00,216.6666667,54.66666667,43,56.33333333,56,42,155,53,42,0,56.33333333,216.6666667,0,155
02/07/2021 04:15,140.6666667,150,144.3333333,160,92.66666667,56.66666667,221.6666667,53,42,0,160,140.6666667,0,221.6666667
02/07/2021 04:30,52,62,207.6666667,236,166,266,642.8,126.3333333,42,2,234,52,0,640.8
02/07/2021 04:45,114,40,43,79.33333333,63.33333333,107.3333333,109.6666667,104.3333333,42,10,69.33333333,114,0,99.6666667
02/07/2021 05:00,186.3333333,40,43,201,56,42,233,53,219.3333333,14,187,186.3333333,0,219
02/07/2021 05:15,166,40,43,56.33333333,56,42,169.6666667,53,130.6666667,27,29.33333333,166,0,142.6666667
02/07/2021 05:30,191.3333333,40,43,46,56,50,43,53,55.33333333,11,35,191.3333333,0,32
02/07/2021 05:45,52,76.66666667,221,198,70.66666667,158.6666667,43,53,553.8,78,120,52,0,-35
02/07/2021 06:00,52,150,184.3333333,231.3333333,166,308,43,111.6666667,729.7333333,33,198.3333333,52,0,10
02/07/2021 06:15,52,40,167.8666667,201,85.33333333,67.33333333,43,119,234,113,88,52,0,-70
02/07/2021 06:30,260,40,259.2,56.33333333,56,42,131.6666667,53,381.3333333,230,-173.6666667,260,0,-98.3333333
02/07/2021 06:45,293.6666667,40,301.6666667,46,56,599.0666667,233,77,235.3333333,294,-248,293.6666667,0,-61
02/07/2021 07:00,52,40,385,46,56,49.33333333,81,178.3333333,42,578,-532,52,0,-497
02/07/2021 07:15,52,40,494.5333333,256.6666667,56,248,43,261.6666667,42,363,-106.3333333,52,0,-320
02/07/2021 07:30,52,98.66666667,294,327.6666667,172,228.6666667,43,243.3333333,42,246,81.66666667,52,0,-203
02/07/2021 07:45,64.66666667,154.6666667,243,56.33333333,244.9333333,42,43,146.6666667,42,644,-587.6666667,64.66666667,0,-601
02/07/2021 08:00,314.3333333,112,176.3333333,46,69,55.33333333,43,66,143.3333333,682,-636,314.3333333,0,-639
02/07/2021 08:15,226.6666667,200,43,67.33333333,69,90,220.3333333,87.6,206.6666667,821,-753.6666667,226.6666667,0,-600.6666667
02/07/2021 08:30,52,246,144.3333333,174,69,244.6666667,182.3333333,167.6666667,42,1047,-873,52,0,-864.6666667
02/07/2021 08:45,52,253,207.6666667,974.5376809,56.86666667,322.6666667,43,173,42,877,97.53768093,52,0,-834
02/07/2021 09:00,52,253,43,862.5434783,136.6666667,463.1333333,43,775.4,42,1093,-230.4565217,52,0,-1050
02/07/2021 09:15,204,333.6666667,43,771.5434783,169.3333333,363,43,327.8666667,42,1312,-540.4565217,204,0,-1269
02/07/2021 09:30,169.1333333,307.7333333,43,771.5434783,173.3333333,363,43,266.0666667,105.3333333,854,-82.4565217,169.1333333,0,-811
02/07/2021 09:45,334,240,43,746.7434783,256,325.6666667,119,157,232,644,102.7434783,334,0,-525
02/07/2021 10:00,220.3333333,609.0745807,207.6666667,681.5434783,248.2,414.6314151,233,157,54.66666667,1690,-1008.456522,220.3333333,0,-1457
02/07/2021 10:15,71.8,275.1504091,144.3333333,650.8768116,790.7391304,304.6286871,93.66666667,157,42,1256,-605.1231884,71.8,0,-1162.333333
02/07/2021 10:30,176.3333333,347.5237424,43,501.210145,933.4768116,397.709273,43,141.4576921,42,1058,-556.789855,176.3333333,0,-1015
02/07/2021 10:45,423.6,371.7237424,43,466.5434783,836.8768116,258.3759397,43,309.2188641,42,1564,-1097.456522,423.6,0,-1521
02/07/2021 11:00,319.6666667,571.1904091,43,305.8173913,742.410145,254.909273,43,204.5521974,107.3333333,1222,-916.1826087,319.6666667,0,-1179
02/07/2021 11:15,394.3333333,512.5237424,81,347.6666667,655.1434783,277.6737802,43,204.5521974,797.4533333,1608,-1260.333333,394.3333333,0,-1565
02/07/2021 11:30,969.0666667,990.5549162,233,303.6666667,625.5434783,680.6736263,207.6666667,222.2417579,244.6666667,1536,-1232.333333,969.0666667,0,-1328.333333
02/07/2021 11:45,395.5374111,456.7,81,396,633.5434783,252.6666667,195,757.1021595,202,1328,-932,395.5374111,0,-1133
02/07/2021 12:00,531.6904091,448.6333333,43,218.6666667,769.7234783,316,43,337.7570757,202,1454,-1235.333333,531.6904091,0,-1411
02/07/2021 12:15,370.4904091,325.0333333,43,226.6666667,838.2072464,567.1333333,43,455.8237424,202,1783,-1556.333333,370.4904091,0,-1740
02/07/2021 12:30,353.4904091,310.3666667,43,361,510.114966,162,48.33333333,360.4904091,170,1280,-919,353.4904091,0,-1231.666667
02/07/2021 12:45,1187.157075,405.7,144.3333333,216.3333333,2920.645578,304.6666667,56.33333333,345.0354929,339.3333333,1739,-1522.666667,1187.157075,0,-1682.666667
02/07/2021 13:00,1740.729497,357.7,207.6666667,358,3291.365578,238.6666667,106.3333333,382.9904091,285.3333333,1719,-1361,1740.729497,0,-1612.666667
02/07/2021 13:15,1305.333333,335.7,43,370.6666667,1716.245578,278,233,360.5237424,202,966,-595.3333333,1305.333333,0,-733
02/07/2021 13:30,295.2237424,335.7,43,226.6666667,1135.985714,395.3491616,106.3333333,760.3237423,212.5173991,710,-483.3333333,295.2237424,0,-603.6666667
02/07/2021 13:45,344.8237424,335.7,43,361,671.4333333,423.2904091,43,455.8570757,233.5521974,1777,-1416,344.8237424,0,-1734
02/07/2021 14:00,344.8237424,868.7666667,43,216.3333333,502.0333333,912.6237423,43,361.9510798,73.55219735,1711,-1494.666667,344.8237424,0,-1668
02/07/2021 14:15,344.8237424,372.3666667,207.6666667,99.33333333,500.0278294,564.1570757,43,222.7,212.8855307,1767,-1667.666667,344.8237424,0,-1724
02/07/2021 14:30,415.5805767,391.42,144.3333333,236,440.3426064,466.3805767,43,211.3666667,200.2188641,1064,-828,415.5805767,0,-1021
02/07/2021 14:45,325.8,93.33333333,43,193.3333333,301.409273,379.6904091,195,188.7,52.51739912,1099,-905.6666667,325.8,0,-904
02/07/2021 15:00,52,40,43,201,248.0759397,398.1570757,207.6666667,188.7,42,1448,-1247,52,0,-1240.333333
02/07/2021 15:15,52,40,43,56.33333333,336.4797761,601.3570757,43,269.3666667,42,1404,-1347.666667,52,0,-1361
02/07/2021 15:30,52,40,81,46,287.9188641,718.3256605,43,232.7,42,1010,-964,52,0,-967
02/07/2021 15:45,140.6666667,40,233,84,247.7,940.0666667,43,188.7,153.7333333,1166,-1082,140.6666667,0,-1123
02/07/2021 16:00,237.3333333,101.3333333,81,256.6666667,844.7666667,363,43,188.7,246.3333333,1356,-1099.333333,237.3333333,0,-1313
02/07/2021 16:15,207,256.32,43,289.6666667,311.7,409,93.66666667,188.7,143,1002,-712.3333333,207,0,-908.3333333
02/07/2021 16:30,72.66666667,117.2,43,56.33333333,210.0933333,293,233,188.7,692.3510254,820,-763.6666667,72.66666667,0,-587
02/07/2021 16:45,52,222.4933333,43,46,340.4393293,396.5333333,119,254.7,462.1671135,988,-942,52,0,-869
02/07/2021 17:00,90,267.8266667,149.6666667,46,478.2904091,478.6666667,43,247.3666667,285.3759397,959,-913,90,0,-916
02/07/2021 17:15,242,253,282.3333333,142.6666667,509.8237424,376,43,188.7,348.709273,831,-688.3333333,242,0,-788
02/07/2021 17:30,77.33333333,251.2666667,197.6666667,391,2509.023742,368.2,43,188.7,475.3759397,840,-449,77.33333333,0,-797
02/07/2021 17:45,190,320.6666667,313.6040778,107,3408.623742,458.5333333,43,188.7,300.2724599,723,-616,190,0,-680
02/07/2021 18:00,375.3472526,306,375.8237424,46,4845.741247,404.5961636,182.3333333,188.7,266.8237424,636,-590,375.3472526,0,-453.6666667
02/07/2021 18:15,372.5521974,240,375.8237424,133.7333333,5316.653333,583.8237424,220.3333333,240.0333333,259.729497,536,-402.2666667,372.5521974,0,-315.6666667
02/07/2021 18:30,581.8855307,303.3266667,540.4904091,470.7866667,2809.466667,547.1570757,43,264.7,188.3333333,562,-91.21333333,581.8855307,0,-519
02/07/2021 18:45,480.5521974,375.7,477.1570757,771,2508.2,495.8237424,174.8666667,334.8333333,114.2,484,287,480.5521974,0,-309.1333333
02/07/2021 19:00,407.5210235,375.7,279.0237424,702.3333333,570.8,495.8237424,379.2,441.1153842,409.4589939,414,288.3333333,407.5210235,0,-34.8
02/07/2021 19:15,431.170995,375.7,350.2147678,1036.466667,1554.808163,636.2904091,339.3333333,1125.638193,304.4904091,288,748.4666667,431.170995,0,51.3333333
02/07/2021 19:30,552.8237424,974.9666667,807.1759398,551.4132062,2791.893939,437.9109407,324,831.3159398,653.6237423,111,440.4132062,552.8237424,0,213
02/07/2021 19:45,539.030702,551.7354929,445.3759397,657.8426064,2521.988185,637.3759397,435.3333333,1154.289273,302.2237424,86,571.8426064,539.030702,0,349.3333333
02/07/2021 20:00,1110.401024,508.5237424,597.3759397,686.3759397,1806.521518,527.3759397,252.6666667,775.0759397,373.2472434,68,618.3759397,1110.401024,0,184.6666667
02/07/2021 20:15,386.9921974,508.5237424,437.4934448,758.7759397,1651.254852,527.3759397,83.33333333,1059.530702,363,45,713.7759397,386.9921974,0,38.33333333
02/07/2021 20:30,285.2855307,618.9237424,298.3023134,818.0426064,1671.988185,523.909273,43,669.9912761,1037.751415,20,798.0426064,285.2855307,0,23
02/07/2021 20:45,283.5521974,936.7237423,343.5570757,619.1977253,1655.160346,552.8581933,43,686.2876902,482.8008485,4,615.1977253,283.5521974,0,39
02/07/2021 21:00,471.1153842,394.7,375.8237424,669.3131094,1728.755987,887.1135628,51.41391929,753.3159398,507.6959397,0,669.3131094,471.1153842,0,51.41391929
02/07/2021 21:15,560.5333333,498.7,486.6904091,751.909273,1661.413093,351.7620204,322.2188641,775.3159398,441.4559397,0,751.909273,560.5333333,0,322.2188641
02/07/2021 21:30,454.1771061,571.62,553.4904091,510.1759397,1781.988185,478.9759397,396.5876902,784.5426064,901.4292731,0,510.1759397,454.1771061,0,396.5876902
02/07/2021 21:45,495.5521974,509.7,788.6237423,714.2426064,800.2983888,527.3759397,228.709273,1740.209273,404.7994407,0,714.2426064,495.5521974,0,228.709273
02/07/2021 22:00,428.8855307,501.0333333,237.9779547,659.0426064,497.909273,565.3759397,311.3759397,677.3816943,545.709273,0,659.0426064,428.8855307,0,311.3759397
02/07/2021 22:15,320.8855307,496.7,90.70927306,543.5836125,554.3759397,676.0426064,318.9620204,676.5585406,514.111288,0,543.5836125,320.8855307,0,318.9620204
02/07/2021 22:30,385.4855307,496.7,80.06994379,748.3521974,554.3759397,553.7360033,244.3570757,687.0759397,333.7759397,0,748.3521974,385.4855307,0,244.3570757
02/07/2021 22:45,247.1034798,460.7666667,239.2188641,565.4188641,554.3759397,338.0666667,391.6980818,694.409273,285.3759397,0,565.4188641,247.1034798,0,391.6980818
02/07/2021 23:00,52,574.02,175.8855307,630.620879,443.2543569,373.2472434,570.2666667,795.3426064,79.85819329,0,630.620879,52,0,570.2666667
02/07/2021 23:15,52,375.7,49.31043947,770,364.0576921,393.7550608,587.3333333,576.7267782,73.55219735,0,770,52,0,587.3333333
02/07/2021 23:30,52,375.7,43,628.6666667,193.1333333,469.709273,486,532.8382781,174.8855307,0,628.6666667,52,0,486
02/07/2021 23:45,216.6666667,242.3666667,43,510.6666667,177,581.0426064,461.8,496.0188641,234.0119044,0,510.6666667,216.6666667,0,461.8
03/07/2021 00:00,140.6666667,175.7,81,234.7333333,128.6,165.1445246,371.9333333,205.5521974,42,0,234.7333333,140.6666667,0,371.9333333
03/07/2021 00:15,176,175.7,233,46,56,73.55219735,378,205.5521974,42,0,46,176,0,378
03/07/2021 00:30,124.3333333,234.3666667,81,122,136.6666667,52.51739912,319.6,308.2188641,42,0,122,124.3333333,0,319.6
03/07/2021 00:45,52,263.7,43,256.6666667,129.3333333,42,246,115.680586,42,0,256.6666667,52,0,246
03/07/2021 01:00,166,85.23333333,43,251.6666667,56,145.3333333,62.6,53,105.3333333,0,251.6666667,166,0,62.6
03/07/2021 01:15,191.3333333,40,43,56.33333333,56,228,43,53,232,0,56.33333333,191.3333333,0,43
03/07/2021 01:30,52,40,144.3333333,46,56,56.66666667,43,53,54.66666667,0,46,52,0,43
03/07/2021 01:45,103.6666667,40,207.6666667,46,56,42,43,53,42,0,46,103.6666667,0,43
03/07/2021 02:00,196.6666667,40,43,180.6666667,114.6666667,42,55.66666667,141,42,0,180.6666667,196.6666667,0,55.66666667
03/07/2021 02:15,115.3333333,120.6666667,43,391,151.3333333,42,233,89.66666667,42,0,391,115.3333333,0,233
03/07/2021 02:30,242,106,43,69,56,222,157,53,67.33333333,0,69,242,0,157
03/07/2021 02:45,52,40,43,46,56,166,43,53,232,0,46,52,0,43
03/07/2021 03:00,52,40,207.6666667,46,56,42,43,53,92.66666667,0,46,52,0,43
03/07/2021 03:15,52,40,144.3333333,66.66666667,56,42,43,53,42,0,66.66666667,52,0,43
03/07/2021 03:30,199,40,43,353,92.66666667,42,43,126.3333333,42,0,353,199,0,43
03/07/2021 03:45,304,40,43,221,166,49.33333333,144.3333333,104.3333333,42,0,221,304,0,144.3333333
03/07/2021 04:00,102.6666667,142.6666667,43,46,63.33333333,291.3333333,233,53,42,0,46,102.6666667,0,233
03/07/2021 04:15,52,84,81,46,56,89.33333333,68.33333333,53,219.3333333,0,46,52,0,68.33333333
03/07/2021 04:30,52,40,233,66.66666667,56,52.66666667,43,53,130.6666667,2,64.66666667,52,0,41
03/07/2021 04:45,52,40,81,201,56,151.3333333,43,53,42,9,192,52,0,34
03/07/2021 05:00,266,40,43,246.3333333,70.66666667,175.3333333,43,111.6666667,42,17,229.3333333,266,0,26
03/07/2021 05:15,287.6666667,40,43,172.6666667,166,100.6666667,43,119,42,69,103.6666667,287.6666667,0,-26
03/07/2021 05:30,52,54.66666667,43,46,85.33333333,287.3333333,233,53,42,100,-54,52,0,133
03/07/2021 05:45,52,150,144.3333333,66.66666667,56,42,169.6666667,53,181.3333333,130,-63.33333333,52,0,39.6666667
03/07/2021 06:00,52,62,207.6666667,201,56,42,43,53,168.6666667,250,-49,52,0,-207
03/07/2021 06:15,153.3333333,40,43,94.33333333,56,42,43,53,76.66666667,357,-262.6666667,153.3333333,0,-314
03/07/2021 06:30,204,40,43,236,56,42,43,97,146,566,-330,204,0,-523
03/07/2021 06:45,196.6666667,40,43,134.6666667,158.6666667,152,43,133.6666667,220.6666667,639,-504.3333333,196.6666667,0,-596
03/07/2021 07:00,103.6666667,40,43,66.66666667,107.3333333,236,131.6666667,66.33333333,242,717,-650.3333333,103.6666667,0,-585.3333333
03/07/2021 07:15,52,95.33333333,229,201,77.33333333,42,233,519.4666667,343.3333333,423,-222,52,0,-190
03/07/2021 07:30,102.6666667,230,224.3333333,56.33333333,229.3333333,42,94.33333333,133,406.6666667,446,-389.6666667,102.6666667,0,-351.6666667
03/07/2021 07:45,268.6666667,551.8,165.6666667,122,256,42,139,210.5177465,254.1333333,639,-517,268.6666667,0,-500
03/07/2021 08:00,126,241.5333333,43,236,256,96,576.1333333,827.2237423,133,454,-218,126,0,122.1333333
03/07/2021 08:15,239,119.6666667,43,218.6666667,336.6666667,376.6666667,214.6437728,373.1570757,133,563,-344.3333333,239,0,-348.3562272
03/07/2021 08:30,302.9333333,53,81,390.3333333,420.3333333,502,207.8855307,411.090409,133,348,42.33333333,302.9333333,0,-140.1144693
03/07/2021 08:45,235.6666667,53,233,389.6,746.8,775.8,251.8855307,544.3570757,196.3333333,506,-116.4,235.6666667,0,-254.1144693
03/07/2021 09:00,388.3333333,103.8666667,81,512.5333333,347,376,213.8855307,200.9098323,238.0666667,825,-312.4666667,388.3333333,0,-611.1144693
03/07/2021 09:15,120.5333333,128,43,360,360,248.0666667,74.55219735,58.2,54.66666667,590,-230,120.5333333,0,-515.4478027
03/07/2021 09:30,52,40,43,456.6666667,335.7333333,344.6666667,74.55219735,67.66666667,42,706,-249.3333333,52,0,-631.4478027
03/07/2021 09:45,52,40,43,381.6666667,1493,324,51.41391929,163,58,647,-265.3333333,52,0,-595.5860807
03/07/2021 10:00,207,40,144.3333333,216.3333333,1657.666667,316,43,53,878.8,799,-582.6666667,207,0,-756
03/07/2021 10:15,232.6666667,40,207.6666667,180,300.3753623,314.9333333,119,53,1457.413333,1003,-823,232.6666667,0,-884
03/07/2021 10:30,166,40,43,167,1993.676811,323,233,53,1296.32,1039,-872,166,0,-806
03/07/2021 10:45,52,120.6666667,43,339.6666667,4220.407424,396.4487176,93.66666667,53,252.6666667,1310,-970.3333333,52,0,-1216.333333
03/07/2021 11:00,214.24,106,43,486.6666667,4211.155723,829.1927771,43,53,202,1141,-654.3333333,214.24,0,-1098
03/07/2021 11:15,314.9886957,40,43,177.3333333,4247.82239,982.9388413,43,190.7133333,207.2,782,-604.6666667,314.9886957,0,-739
03/07/2021 11:30,1320.943478,40,207.6666667,86.33333333,2155.355723,1175.586085,43,342.0333333,215,911,-824.6666667,1320.943478,0,-868
03/07/2021 11:45,949.1568116,40,144.3333333,46,1245.818308,662.919418,43,348.7,215,923,-877,949.1568116,0,-880
03/07/2021 12:00,752.2434783,40,43,74.66666667,460.5434783,632.4776601,207.6666667,348.7,392.3333333,1074,-999.3333333,752.2434783,0,-866.3333333
03/07/2021 12:15,1154.643478,40,48.33333333,431,460.5434783,738.9423119,195,348.7,405.4,1104,-673,1154.643478,0,-909
03/07/2021 12:30,765.2434783,142.6666667,91,255,578.9434783,688.9505918,43,348.7,287.8,1232,-977,765.2434783,0,-1189
03/07/2021 12:45,814.2789711,121.3333333,81,155.3333333,363.7565218,752.4290089,43,444.0333333,309.9412475,1881,-1725.666667,814.2789711,0,-1838
03/07/2021 13:00,977.400554,40,233,46,349.6069597,835.4290089,43,218.0333333,317.8237424,1194,-1148,977.400554,0,-1151
03/07/2021 13:15,955.6672207,40,81,66.66666667,357.8855307,844.6956756,43,188.7,428.2237424,1393,-1326.333333,955.6672207,0,-1350
03/07/2021 13:30,795.0672206,40,43,239,344.5521974,587.1962413,106.3333333,188.7,386.0904091,1581,-1342,795.0672206,0,-1474.666667
03/07/2021 13:45,542.7929525,40,43,246.3333333,368.5521974,551.8666667,233,188.7,339.7021596,1411,-1164.666667,542.7929525,0,-1178
03/07/2021 14:00,359.5237424,62.66666667,43,134.6666667,360.4855307,419.8,106.3333333,188.7,42,1503,-1368.333333,359.5237424,0,-1396.666667
03/07/2021 14:15,451.2252073,401.8333333,144.3333333,46,234.9313184,449.6666667,43,269.3666667,42,1383,-1337,451.2252073,0,-1340
03/07/2021 14:30,307.0759397,362.429497,207.6666667,66.66666667,318.6666667,389.1412475,43,232.7,42,1495,-1428.333333,307.0759397,0,-1452
03/07/2021 14:45,320.9229418,347.5237424,43,201,267.3333333,334.8237424,43,188.7,42,1600,-1399,320.9229418,0,-1557
03/07/2021 15:00,322.5855307,352.7237424,43,132.3333333,162.6666667,972.0237423,43,188.7,191.3333333,1278,-1145.666667,322.5855307,0,-1235
03/07/2021 15:15,254.6313184,360.5237424,43,236,56,507.1570757,195,188.7,300,1579,-1343,254.6313184,0,-1384
03/07/2021 15:30,470.5666667,373.8570757,43,96.66666667,56,466.2237424,207.6666667,188.7,201.6980818,1411,-1314.333333,470.5666667,0,-1203.333333
03/07/2021 15:45,519.3666667,431.6726626,207.6666667,66.66666667,56,607.189965,43,254.7,240.4904091,1492,-1425.333333,519.3666667,0,-1449
03/07/2021 16:00,413.320879,295.2333333,144.3333333,201,136.6666667,420.2188641,43,247.3666667,253.8237424,1361,-1160,413.320879,0,-1318
03/07/2021 16:15,452.9188641,175.7,43,56.33333333,129.3333333,364.2855307,43,188.7,253.8237424,1191,-1134.666667,452.9188641,0,-1148
03/07/2021 16:30,840.7855307,197.0333333,43,160,455.8,408.6188641,43,188.7,716.9570757,1296,-1136,840.7855307,0,-1253
03/07/2021 16:45,653.9150276,263.5824949,43,236,338.92,987.5472526,107,98.23333333,456.4446213,1155,-919,653.9150276,0,-1048
03/07/2021 17:00,608.409273,286.1904091,81,79.33333333,168,1490.066667,283.6666667,53,287.795363,1027,-947.6666667,608.409273,0,-743.3333333
03/07/2021 17:15,418.4550608,350.1904091,233,201,226.6666667,1061.666667,119,104.3333333,273.5521974,907,-706,418.4550608,0,-788
03/07/2021 17:30,399.5237424,446.1904091,81,56.33333333,1313.066667,497,43,126.3333333,273.5521974,827,-770.6666667,399.5237424,0,-784
03/07/2021 17:45,399.5237424,475.5237424,64.33333333,46,2584.644898,569.6,43,103.6666667,273.5521974,735,-689,399.5237424,0,-692
03/07/2021 18:00,546.6036337,379.6412475,139,198,1730.447738,442.2354929,43,167.6666667,294.6785711,672,-474,546.6036337,0,-629
03/07/2021 18:15,713.2876902,416.0333333,240.3333333,231.3333333,1423.330493,334.4904091,49.30599593,194.3333333,528.8,601,-369.6666667,713.2876902,0,-551.6940041
03/07/2021 18:30,469.0759397,629.9666667,356.9542123,201,1550.988185,266.4904091,194.1570757,234.3333333,413.6666667,541,-340,469.0759397,0,-346.8429243
03/07/2021 18:45,297.7426064,763.2333333,439.2188641,56.33333333,1639.308185,405.8237424,261.6237424,410.6666667,363,484,-427.6666667,297.7426064,0,-222.3762576
03/07/2021 19:00,231.0759397,496.7,279.2816943,46,492.6464428,275.0354929,226.4904091,462,363,417,-371,231.0759397,0,-190.5095909
03/07/2021 19:15,364.0182476,577.3666667,286.3759397,46,651.3759397,464.9333333,364.0904091,377.9412475,325.2,352,-306,364.0182476,0,12.0904091
03/07/2021 19:30,585.9431657,562.7,439.229273,256.6666667,548.709273,370.3333333,471.1570757,385.8237424,1588.266667,86,170.6666667,585.9431657,0,385.1570757
03/07/2021 19:45,653.7,419.2333333,429.4559397,327.6666667,541.3759397,459.8,486,434.2237424,2067.866667,43,284.6666667,653.7,0,443
03/07/2021 20:00,479.0333333,374,657.2096084,56.33333333,541.3759397,540.9313184,657.2666667,385.8237424,847.5333333,30,26.33333333,479.0333333,0,627.2666667
03/07/2021 20:15,508.7,374,518.9655307,46,541.3759397,642.2188641,894.1333333,478.6675152,394.9313184,16,30,508.7,0,878.1333333
03/07/2021 20:30,436.1,374,1709.792197,46,1323.442606,559.771862,415.3840658,749.6026064,507.5521974,6,40,436.1,0,409.3840658
03/07/2021 20:45,501.7,367.4,1560.352197,104.6666667,2449.57594,472.3759397,309.3836125,674.0759397,404.0111912,2,102.6666667,501.7,0,307.3836125
03/07/2021 21:00,607.7,342.6666667,371.1680256,391,448.6675152,382.1759397,529.3759397,674.0759397,406.3759397,0,391,607.7,0,529.3759397
03/07/2021 21:15,626.3079141,399.1882495,324.3759397,145,524.5481011,404.2724599,529.3759397,673.2876902,545.709273,0,145,626.3079141,0,529.3759397
03/07/2021 21:30,563.8689801,385.8237424,524.7759397,46,541.3759397,566.509273,529.3759397,662.2521974,512.3550608,0,46,563.8689801,0,529.3759397
03/07/2021 21:45,261.609273,955.0770756,533.6959397,46,517.1759397,640.2229418,653.9391265,672.2071043,387.4446213,0,46,261.609273,0,653.9391265
03/07/2021 22:00,247.4426064,1054.590409,407.3759397,66.66666667,953.4426064,637.3759397,684.0071136,765.1446213,400.8581933,0,66.66666667,247.4426064,0,684.0071136
03/07/2021 22:15,393.7550608,454.3904091,274.0426064,277,793.0018278,525.909273,1054.37594,690.9426064,401.6464428,0,277,393.7550608,0,1054.37594
03/07/2021 22:30,238.1570757,395.0961636,207.3759397,276.4707444,712.8290089,527.3759397,329.3759397,687.0759397,882.9759398,0,276.4707444,238.1570757,0,329.3759397
03/07/2021 22:45,335.6057932,542.1666667,293.9849143,837.2237423,613.0956756,391.0430597,329.3759397,473.0759397,477.1988336,0,837.2237423,335.6057932,0,329.3759397
03/07/2021 23:00,432.709273,452.0333333,336.5491616,258.8237424,613.0956756,453.2431657,320.9620204,234.7502792,472.8237424,0,258.8237424,432.709273,0,320.9620204
03/07/2021 23:15,204.8426064,296.7,115.6,319.4904091,579.7872511,533.651581,300.5844131,220.2521974,174.8237424,0,319.4904091,204.8426064,0,300.5844131
03/07/2021 23:30,278.2816943,296.7,43,501.8904091,460.5434783,536.1759397,305.6,293.4701465,164.576499,0,501.8904091,278.2816943,0,305.6
03/07/2021 23:45,134.218864,288.6333333,43,599.7882495,541.210145,406.3759397,144.3333333,210.7,163,0,599.7882495,134.218864,0,144.3333333
04/07/2021 00:00,58.31043947,175.7,43,678,533.8768116,406.3759397,43,188.7,106.5333333,0,678,58.31043947,0,43
04/07/2021 00:15,52,212.3666667,207.6666667,359.2666667,460.5434783,263.5836125,43,188.7,105.3333333,0,359.2666667,52,0,43
04/07/2021 00:30,176,285.7,144.3333333,187.6666667,109.9391304,291.6855307,43,188.7,232,0,187.6666667,176,0,43
04/07/2021 00:45,276.3333333,175.7,43,313.9333333,56,219.4945053,43,188.7,54.66666667,0,313.9333333,276.3333333,0,43
04/07/2021 01:00,153.3333333,175.7,43,56.33333333,56,64,157,276.7,42,0,56.33333333,153.3333333,0,157
04/07/2021 01:15,52,175.7,43,198,114.6666667,42,233,180.1333333,42,0,198,52,0,233
04/07/2021 01:30,52,175.7,81,210.6666667,151.3333333,42,55.66666667,53,42,0,210.6666667,52,0,55.66666667
04/07/2021 01:45,52,175.7,233,66.66666667,56,42,43,53,67.33333333,0,66.66666667,52,0,43
04/07/2021 02:00,205,234.3666667,81,201,56,240,43,53,232,0,201,205,0,43
04/07/2021 02:15,348.6666667,263.7,43,56.33333333,56,153.3333333,43,53,92.66666667,0,56.33333333,348.6666667,0,43
04/07/2021 02:30,52,175.7,43,46,56,42,55.66666667,126.3333333,42,0,46,52,0,55.66666667
04/07/2021 02:45,52,76.18666667,43,236,92.66666667,42,233,104.3333333,42,0,236,52,0,233
04/07/2021 03:00,52,40,144.3333333,193.3333333,166,42,157,53,42,0,193.3333333,52,0,157
04/07/2021 03:15,102.6666667,40,207.6666667,201,63.33333333,42,43,53,42,0,201,102.6666667,0,43
04/07/2021 03:30,242,40,43,56.33333333,56,316.6666667,43,53,219.3333333,0,56.33333333,242,0,43
04/07/2021 03:45,199,120.6666667,43,46,56,71.33333333,43,53,130.6666667,0,46,199,0,43
04/07/2021 04:00,114,106,43,84,56,42,43,111.6666667,42,0,84,114,0,43
04/07/2021 04:15,52,40,43,256.6666667,70.66666667,42,144.3333333,119,42,0,256.6666667,52,0,144.3333333
04/07/2021 04:30,52,40,207.6666667,289.6666667,166,42,233,53,42,7,282.6666667,52,0,226
04/07/2021 04:45,242,40,144.3333333,56.33333333,85.33333333,93.33333333,68.33333333,53,42,16,40.33333333,242,0,52.33333333
04/07/2021 05:00,115.3333333,40,43,64.66666667,56,294.6666667,43,53,181.3333333,34,30.66666667,115.3333333,0,9
04/07/2021 05:15,114,40,43,46,56,42,43,53,168.6666667,59,-13,114,0,-16
04/07/2021 05:30,186.3333333,142.6666667,43,142.6666667,56,42,43,97,42,75,67.66666667,186.3333333,0,-32
04/07/2021 05:45,52,84,81,391,56,42,43,133.6666667,42,105,286,52,0,-62
04/07/2021 06:00,191.3333333,40,233,107,158.6666667,44.66666667,233,53,42,326,-219,191.3333333,0,-93
04/07/2021 06:15,166,66.66666667,81,621.7333333,107.3333333,271.3333333,225.6666667,53,42,465,156.7333333,166,0,-239.3333333
04/07/2021 06:30,52,40,43,46,56,388.6666667,213.6666667,53,143.3333333,546,-500,52,0,-332.3333333
04/07/2021 06:45,52,40,43,66.66666667,56,242,243,53,206.6666667,607,-540.3333333,52,0,-364
04/07/2021 07:00,196.6666667,54.66666667,43,315,69.33333333,252.4,243,82.33333333,50,665,-350,196.6666667,0,-422
04/07/2021 07:15,192.3333333,166,144.3333333,294.3333333,96,255,243,161.6666667,649.7333333,714,-419.6666667,192.3333333,0,-471
04/07/2021 07:30,216.6666667,88.66666667,207.6666667,168,238,299,331.6666667,117,178,770,-602,216.6666667,0,-438.3333333
04/07/2021 07:45,52,40,43,46,305.3333333,267.6666667,433,250.0666667,239.3333333,825,-779,52,0,-392
04/07/2021 08:00,52,40,45.66666667,66.66666667,256,161.2,214.3333333,266,305.3333333,885,-818.3333333,52,0,-670.6666667
04/07/2021 08:15,52,112,83,273,256,42,43,132.6666667,432,930,-657,52,0,-887
04/07/2021 08:30,162.3333333,617.3333333,83,301.6666667,1088,42,43,80.66666667,254.6666667,935,-633.3333333,162.3333333,0,-892
04/07/2021 08:45,366,289.6666667,338.3333333,370.6666667,1337.6,42,43,165.6,108.6666667,990,-619.3333333,366,0,-947
04/07/2021 09:00,77.33333333,2682,277.6666667,238,316.4,137.3333333,43,53,42,1105,-867,77.33333333,0,-1062
04/07/2021 09:15,52,639.5333333,43,321.2,359,162,220.3333333,53,42,1159,-837.8,52,0,-938.6666667
04/07/2021 09:30,52,1218.333333,43,563.6666667,229,130.6666667,182.3333333,53,83.33333333,1312,-748.3333333,52,0,-1129.666667
04/07/2021 09:45,78.66666667,946.3333333,43,465.4,229,42,43,53,272,1211,-745.6,78.66666667,0,-1168
04/07/2021 10:00,378.5866667,213,105,1318.666667,224.6666667,42,43,53,132.6666667,1199,119.6666667,378.5866667,0,-1156
04/07/2021 10:15,434.3333333,213,775.6666667,2588.666667,216,78.66666667,43,163,142.0040778,1275,1313.666667,434.3333333,0,-1232
04/07/2021 10:30,271.3333333,471.6666667,246,390.5333333,785.7333333,144.6666667,43,67.66666667,618.6237423,1239,-848.4666667,271.3333333,0,-1196
04/07/2021 10:45,593.8745807,1266.333333,629.0666667,334,298.3333333,143.3333333,119,53,243.2904091,1142,-808,593.8745807,0,-1023
04/07/2021 11:00,63.82374237,895.0666667,162.6666667,176.3333333,304.2115942,105.3333333,233,53,304.3570757,1132,-955.6666667,63.82374237,0,-899
04/07/2021 11:15,190.4904091,281,164.7333333,204,691.3356756,42,93.66666667,53,466.6393293,853,-649,190.4904091,0,-759.3333333
04/07/2021 11:30,219.8237424,292.2666667,264.3333333,356,647.1756756,42,43,53,371.6666667,1018,-662,219.8237424,0,-975
04/07/2021 11:45,320.1437424,294,1661,275.3333333,625.0956756,130,43,148.3333333,549.5333333,1160,-884.6666667,320.1437424,0,-1117
04/07/2021 12:00,289.6079141,294,1373.4,332.0354929,627.6290089,93.33333333,43,86.86666667,359.8,1299,-966.9645071,289.6079141,0,-1256
04/07/2021 12:15,161.3333333,361.3333333,176,188.1570757,690.5434783,168.6666667,43,167.4666667,162,1119,-930.8429243,161.3333333,0,-1076
04/07/2021 12:30,246.8,354.7333333,176,183.0237424,1090.343478,80,207.6666667,805.8666667,355.7291072,1051,-867.9762576,246.8,0,-843.3333333
04/07/2021 12:45,362.3333333,680.8,176,739.490409,701.5434783,42,195,311.6049448,344.709273,996,-256.509591,362.3333333,0,-801
04/07/2021 13:00,166.0347983,281,327.6666667,1044.290409,701.5434783,71.33333333,43,341.7051953,676.5759397,1079,-34.70959101,166.0347983,0,-1036
04/07/2021 13:15,106.8855307,188.1412475,270.6437728,629.2431657,1298.908696,152,43,431.0426064,605.9092731,868,-238.7568343,106.8855307,0,-825
04/07/2021 13:30,242.0188641,271.3370757,194.5521974,437.7771061,2164.666667,42,43,394.3759397,1587.37594,1096,-658.2228939,242.0188641,0,-1053
04/07/2021 13:45,139.8855307,412.3904091,591.6855307,429.8855307,287.7333333,204.6666667,43,229.3759397,1570.548101,1273,-843.1144693,139.8855307,0,-1230
04/07/2021 14:00,305.5521974,532.9237424,727.618864,338.0188641,228.3333333,110.6666667,106.3333333,279.9341819,577.9272433,790,-451.9811359,305.5521974,0,-683.6666667
04/07/2021 14:15,220.2188641,485.5237424,240.6188641,332.2188641,177,74,233,185.8237424,444.72,894,-561.7811359,220.2188641,0,-661
04/07/2021 14:30,228.4666667,321.5237424,505.5521974,554.6855307,72.13333333,122.6666667,106.3333333,175.576499,447.6666667,1468,-913.3144693,228.4666667,0,-1361.666667
04/07/2021 14:45,344.0354929,297.3237424,322,338.7820509,56,100.6666667,43,240,323,879,-540.2179491,344.0354929,0,-836
04/07/2021 15:00,564.4770757,1404.323742,293.7609121,137,56,42,43,232.6666667,323,1223,-1086,564.4770757,0,-1180
04/07/2021 15:15,1281.590409,1552.857075,335.8237424,137,136.6666667,206.6666667,43,157.8666667,323,544,-407,1281.590409,0,-501
04/07/2021 15:30,536.9237424,415.9904091,311.6237424,145.5333333,129.3333333,42,43,53,314.9333333,905,-759.4666667,536.9237424,0,-862
04/07/2021 15:45,369.9237424,578.5237424,437.1570757,353,544.12,64,195,53,281.3333333,824,-471,369.9237424,0,-629
04/07/2021 16:00,380.676393,524.2177465,896.3491615,221,237.2666667,152,207.6666667,53,584.8533333,603,-382,380.676393,0,-395.3333333
04/07/2021 16:15,413.5855307,502.7666667,364,86.33333333,172.729497,49.33333333,43,104.3333333,387.8,590,-503.6666667,413.5855307,0,-547
04/07/2021 16:30,566.9188641,509.7,364,265.6666667,227.8237424,54.66666667,43,126.3333333,376,652,-386.3333333,566.9188641,0,-609
04/07/2021 16:45,723.0445246,487.076499,364,364.7472526,710.290409,194,43,53,376,914,-549.2527474,723.0445246,0,-871
04/07/2021 17:00,451.7426064,800.3237423,307.5333333,664.8855307,363.1570757,42,56.33333333,53,380.2069597,875,-210.1144693,451.7426064,0,-818.6666667
04/07/2021 17:15,276.7078082,437.1904091,469.5211719,720.8855307,297.2724599,115.3333333,178.6736263,53,920.418864,930,-209.1144693,276.7078082,0,-751.3263737
04/07/2021 17:30,199.5237424,510.5237424,455.1255307,757.6188641,295.4346923,108,914.618864,53,503.8855307,365,392.6188641,199.5237424,0,549.618864
04/07/2021 17:45,256.5510798,394.4570757,287.5521974,456.0188641,311.7521974,42,323.5521974,89.66666667,445.2188641,459,-2.981135933,256.5510798,0,-135.4478026
04/07/2021 18:00,377.7,389.4923273,287.5521974,475.9910255,408.5521974,80,282.2188641,141,394.5521974,725,-249.0089745,377.7,0,-442.7811359
04/07/2021 18:15,291.0333333,388.7,287.5521974,562.6666667,470.1333333,211.3333333,276.9649024,53,394.5521974,647,-84.33333333,291.0333333,0,-370.0350976
04/07/2021 18:30,305.9417579,548.6333333,467.6455307,415.3333333,608,213.9989396,254.8237424,53,377.7243588,572,-156.6666667,305.9417579,0,-317.1762576
04/07/2021 18:45,253.9188641,2898.1,629.7121974,1166.423742,518.3333333,928.4426064,311.7570757,53,388.0620297,338,828.4237423,253.9188641,0,-26.2429243
04/07/2021 19:00,349.2521974,514.7666667,433.5521974,682.7988336,534.1382781,445.2426064,1049.223742,92.93333333,462.709273,129,553.7988336,349.2521974,0,920.223742
04/07/2021 19:15,690.2521974,595.7354929,395.5521974,687.0426064,542.5521974,660.6426064,618.6904091,166.7243588,495.0426064,123,564.0426064,690.2521974,0,495.6904091
04/07/2021 19:30,544.9069597,574.7637424,395.5521974,821.3759397,300.5521974,853.0356468,491.5177465,320.2188641,404.2724599,114,707.3759397,544.9069597,0,377.5177465
04/07/2021 19:45,552.0551667,552.6837424,395.5521974,673.2426064,304.8188641,1022.198834,1019.066667,254.8855307,907.890409,89,584.2426064,552.0551667,0,930.066667
04/07/2021 20:00,707.0759397,508.5237424,496.8855307,716.7550608,434.3716114,985.2934448,992.12486,293.2188641,801.9689801,50,666.7550608,707.0759397,0,942.12486
04/07/2021 20:15,562.409273,1040.802159,570.4661074,736.3286964,421.0333333,594.9759397,2464.842607,284.5521974,535.701359,11,725.3286964,562.409273,0,2453.842607
04/07/2021 20:30,527.8159397,496.7,407.3759397,494.7521974,391.7,419.3759397,2143.17594,257.2069597,545.709273,3,491.7521974,527.8159397,0,2140.17594
04/07/2021 20:45,396.709273,583.6726626,403.1689801,675.5521974,391.7,540.3759397,719.3759397,260.3333333,543.4426064,0,675.5521974,396.709273,0,719.3759397
04/07/2021 21:00,353.251581,574.5237424,641.6426064,538.9521974,391.7,628.1759397,609.6286871,163,419.3759397,0,538.9521974,353.251581,0,609.6286871
04/07/2021 21:15,384.8237424,508.5237424,624.7210236,641.5521974,391.7,610.709273,487.576499,60.33333333,419.3759397,0,641.5521974,384.8237424,0,487.576499
04/07/2021 21:30,517.4217274,427.8570757,561.795363,749.2417579,494.3666667,959.4342234,486,53,417.7994407,0,749.2417579,517.4217274,0,486
04/07/2021 21:45,1000.17594,419.7904091,508.709273,811.6855307,443.0333333,1293.495676,495.4589939,53,408.109273,0,811.6855307,1000.17594,0,495.4589939
04/07/2021 22:00,968.1759398,505.3707444,388.4446213,655.9521974,191.7,1356.769042,473.6237424,55.36474847,467.3759397,0,655.9521974,968.1759398,0,473.6237424
04/07/2021 22:15,416.3759397,361,375.8237424,410.7521974,191.7,675.4527513,503.4904091,83.49040905,450.0426064,0,410.7521974,416.3759397,0,503.4904091
04/07/2021 22:30,416.3759397,463.6666667,309.1570757,412.5521974,191.7,724.919418,568.9272222,167.4904091,285.3759397,0,412.5521974,416.3759397,0,568.9272222
04/07/2021 22:45,384.3012051,504.5133333,206.729497,835.8576921,191.7,720.2527513,408.3759397,86.82374238,283.7994407,0,835.8576921,384.3012051,0,408.3759397
04/07/2021 23:00,398.3333333,388.4961636,297.5333333,782.5521974,272.3666667,659.319418,464.8426064,64.82374237,285.3759397,0,782.5521974,398.3333333,0,464.8426064
04/07/2021 23:15,477.6666667,254.1904091,81,1071.639441,265.0333333,452.8494742,462.9836125,64.82374237,347.4585406,0,1071.639441,477.6666667,0,462.9836125
04/07/2021 23:30,64.66666667,187.5237424,43,420.709273,191.7,381.6347826,328.8855307,55.36474847,438.1570757,0,420.709273,64.66666667,0,328.8855307
04/07/2021 23:45,52,187.5237424,43,410.3759397,191.7,199.3333333,208.2646518,53,564.8237424,0,410.3759397,52,0,208.2646518
05/07/2021 00:00,52,202.1904091,43,210.3759397,191.7,387.6437728,354,141,387.4904091,0,210.3759397,52,0,354
05/07/2021 00:15,52,288.852998,144.3333333,125.8286871,191.7,408.8855307,249.2,89.66666667,907.890409,0,125.8286871,52,0,249.2
05/07/2021 00:30,242,197.7,207.6666667,392.576499,250.3666667,302.8855307,43,53,443.5570757,0,392.576499,242,0,43
05/07/2021 00:45,239.3333333,175.7,43,183,178.4733333,273.5521974,43,53,646.5294969,0,183,239.3333333,0,43
05/07/2021 01:00,124.3333333,175.7,43,46,56,273.5521974,43,53,200.6666667,0,46,124.3333333,0,43
05/07/2021 01:15,52,175.7,43,46,56,263.0347983,43,53,232,0,46,52,0,43
05/07/2021 01:30,52,175.7,43,66.66666667,56,458,157,126.3333333,92.66666667,0,66.66666667,52,0,157
05/07/2021 01:45,191.3333333,212.3666667,207.6666667,239,56,196.6666667,233,104.3333333,42,0,239,191.3333333,0,233
05/07/2021 02:00,166,285.7,144.3333333,246.3333333,92.66666667,42,55.66666667,53,42,0,246.3333333,166,0,55.66666667
05/07/2021 02:15,103.6666667,175.7,43,134.6666667,166,42,43,53,42,0,134.6666667,103.6666667,0,43
05/07/2021 02:30,196.6666667,175.7,43,46,63.33333333,42,43,53,42,0,46,196.6666667,0,43
05/07/2021 02:45,52,175.7,43,66.66666667,56,42,43,53,219.3333333,0,66.66666667,52,0,43
05/07/2021 03:00,140.6666667,175.7,81,201,56,309.3333333,55.66666667,111.6666667,130.6666667,0,201,140.6666667,0,55.66666667
05/07/2021 03:15,216.6666667,175.7,233,132.3333333,56,78.66666667,233,119,42,0,132.3333333,216.6666667,0,233
05/07/2021 03:30,52,234.3666667,81,252,70.66666667,42,157,53,42,0,252,52,0,157
05/07/2021 03:45,52,236.56,43,136.6666667,166,42,43,53,42,0,136.6666667,52,0,43
05/07/2021 04:00,186.3333333,40,43,160,85.33333333,42,43,53,42,0,160,186.3333333,0,43
05/07/2021 04:15,152,40,43,267.6666667,56,111.3333333,43,53,181.3333333,2,265.6666667,152,0,41
05/07/2021 04:30,242,40,144.3333333,56.33333333,56,276.6666667,43,97,168.6666667,6,50.33333333,242,0,37
05/07/2021 04:45,77.33333333,40,207.6666667,160,56,42,144.3333333,133.6666667,42,3,157,77.33333333,0,141.3333333
05/07/2021 05:00,52,40,43,236,56,42,233,53,42,2,234,52,0,231
05/07/2021 05:15,52,120.6666667,43,79.33333333,158.6666667,42,68.33333333,53,42,6,73.33333333,52,0,62.33333333
05/07/2021 05:30,114,106,43,201,107.3333333,42,43,53,42,17,184,114,0,26
05/07/2021 05:45,363.6666667,40,43,56.33333333,56,188,43,53,143.3333333,67,-10.66666667,363.6666667,0,-24
05/07/2021 06:00,144,40,207.6666667,46,56,200,43,82.33333333,206.6666667,102,-56,144,0,-59
05/07/2021 06:15,169.3333333,40,144.3333333,198,56,42,43,148.3333333,42,103,95,169.3333333,0,-60
05/07/2021 06:30,172,40,43,239.4666667,56,42,233,53,42,113,126.4666667,172,0,120
05/07/2021 06:45,193.4666667,40,43,365.6666667,136.6666667,42,169.6666667,53,42,70,295.6666667,193.4666667,0,99.6666667
05/07/2021 07:00,459.6666667,142.6666667,43,293,129.3333333,78.66666667,48.33333333,53,42,169,124,459.6666667,0,-120.6666667
05/07/2021 07:15,682.2,84,81,378.4,56,220.6666667,136.3333333,53,105.3333333,204,174.4,682.2,0,-67.6666667
05/07/2021 07:30,515.6666667,40,233,381,56,133.3333333,203,67.66666667,272,290,91,515.6666667,0,-87
05/07/2021 07:45,464,40,81,583.5333333,56,95.33333333,237.6666667,163,158.6666667,325,258.5333333,464,0,-87.3333333
05/07/2021 08:00,431.7333333,40,43,340.6666667,56,140.6666667,331.6666667,53,236.6666667,431,-90.33333333,431.7333333,0,-99.3333333
05/07/2021 08:15,249.2666667,40,43,63.26666667,114.6666667,246.1333333,433,53,304.4,593,-529.7333333,249.2666667,0,-160
05/07/2021 08:30,229.3333333,54.66666667,43,46,151.3333333,345.3647485,281,53,346,524,-478,229.3333333,0,-243
05/07/2021 08:45,124.3333333,150,187,46,74.66666667,446.8356467,243,53,371.3333333,512,-466,124.3333333,0,-269
05/07/2021 09:00,176,62,301,104.6666667,190.7923273,360.8426064,243,53,536,630,-525.3333333,176,0,-387
05/07/2021 09:15,52,40,187,391,252.0237424,447.193331,246.4945053,336.0333333,362.8666667,553,-162,52,0,-306.5054947
05/07/2021 09:30,77.33333333,40,203,145,348.8237424,649.919418,261.5217626,683.1666667,219.4666667,971,-826,77.33333333,0,-709.4782374
05/07/2021 09:45,242,40,168.3333333,46,278.8237424,656.342919,2204.429009,274.0333333,180.3333333,1209,-1163,242,0,995.429009
05/07/2021 10:00,92.66666667,1767.653333,184.3333333,46,298.8237424,567.0608774,2887.629009,382.2333333,175,860,-814,92.66666667,0,2027.629009
05/07/2021 10:15,92.8,1076.266667,367.6666667,66.66666667,196.1570757,573.210145,1291.755383,439.7,175,718,-651.3333333,92.8,0,573.755383
05/07/2021 10:30,269.4589939,243.7066667,296.3333333,277,138.2431657,484.5434783,670.7593065,400.5666667,335.5333333,912,-635,269.4589939,0,-241.2406935
05/07/2021 10:45,142.1570757,199.7,155,246.3333333,56,446.5434783,646.0338873,542.7,338.92,1560,-1313.666667,142.1570757,0,-913.9661127
05/07/2021 11:00,774.5570756,205.0333333,93.66666667,96.66666667,56,446.5434783,576.5672206,359.7666667,105.6666667,1096,-999.3333333,774.5570756,0,-519.4327794
05/07/2021 11:15,218.8237424,2343.433333,116.6666667,46,100,527.210145,689.0338873,289.9646518,894.6,1611,-1565,218.8237424,0,-921.9661127
05/07/2021 11:30,184.2393293,1282.366667,222.32,66.66666667,192.4666667,505.210145,813.7005539,273.2521974,828.3333333,977,-910.3333333,184.2393293,0,-163.2994461
05/07/2021 11:45,237.6542123,213.0333333,294.4139193,201,139.08,382.7869565,254.3774794,389.1855307,1103,1030,-829,237.6542123,0,-775.6225206
05/07/2021 12:00,301.9188641,261.0333333,125.5521974,170.3333333,164.5733333,54.66666667,219.1570757,252.2521974,834.3333333,1147,-976.6666667,301.9188641,0,-927.8429243
05/07/2021 12:15,446.9188641,269.0333333,78.88553068,236,109,42,192.4904091,279.8840658,206.080586,1121,-885,446.9188641,0,-928.5095909
05/07/2021 12:30,358.5855307,183.5824949,77.15219735,58.66666667,1543.733333,472.2139193,75.95707571,245.320879,113.971862,1152,-1093.333333,358.5855307,0,-1076.042924
05/07/2021 12:45,219.2521974,187.5237424,92.88553069,66.66666667,1377,256.1521974,67.82374237,644.0521973,188.509273,1113,-1046.333333,219.2521974,0,-1045.176258
05/07/2021 13:00,210.1069597,219.7904091,192.3979851,201,981,201.8855307,289.3334872,318.609273,208.6426064,1035,-834,210.1069597,0,-745.6665128
05/07/2021 13:15,278.7,308.5237424,345.8736263,56.33333333,3140.066667,359.2188641,491.2229418,366.0759397,697.1759398,1290,-1233.666667,278.7,0,-798.7770582
05/07/2021 13:30,361.8256606,300.9431657,762.9521973,198,2170.533333,194.5521974,342.3759397,366.0759397,392.3759397,799,-601,361.8256606,0,-456.6240603
05/07/2021 13:45,664.8570757,381.3079141,237.2855307,210.6666667,122.7333333,186.1382781,342.3759397,464.0104091,411.0426064,608,-397.3333333,664.8570757,0,-265.6240603
05/07/2021 14:00,371.9237424,406.5237424,220.709273,66.66666667,100.3333333,131.4666667,742.1759398,369.1570757,779.4426064,509,-442.3333333,371.9237424,0,233.1759398
05/07/2021 14:15,279.5237424,187.5237424,158.9759397,201,80,108,342.3759397,291.8323273,216.109273,234,-33,279.5237424,0,108.3759397
05/07/2021 14:30,799.2570756,216.8570757,275.1918739,56.33333333,540.8,65.33333333,394.6737802,220.7,109.1092731,226,-169.6666667,799.2570756,0,168.6737802
05/07/2021 14:45,310.1863313,259.5237424,276.1570757,46,220.1333333,362.6666667,543.8855307,314.0333333,191.709273,322,-276,310.1863313,0,221.8855307
05/07/2021 15:00,525.0452377,265.6570757,783.9689801,236,264.9313184,248.3333333,420.8855307,303.3666667,281.709273,278,-42,525.0452377,0,142.8855307
05/07/2021 15:15,896.0521973,327.852998,863.1092731,193.3333333,330.8855307,268.3333333,356.7521974,477.5,398.9169459,707,-513.6666667,896.0521973,0,-350.2478026
05/07/2021 15:30,482.5855307,451.3666667,367.3759397,201,298.0855307,471.8666667,332.4139193,758.9,612.9521973,778,-577,482.5855307,0,-445.5860807
05/07/2021 15:45,890.9855306,352.7,373.3759397,56.33333333,208.5521974,308.6666667,307.8,443.0333333,735.5915267,614,-557.6666667,890.9855306,0,-306.2
05/07/2021 16:00,416.5855307,383.3666667,529.1689801,46,146.218864,179.0666667,375.4,516.2750913,285.3759397,674,-628,416.5855307,0,-298.6
05/07/2021 16:15,558.6313184,380.0333333,435.2456606,84,168.1611719,278.3333333,1021.466667,541.2521974,289.709273,817,-733,558.6313184,0,204.466667
05/07/2021 16:30,457.5761636,85.23333333,243,256.6666667,56,529.610145,930.2,525.1188641,323.709273,1252,-995.3333333,457.5761636,0,-321.8
05/07/2021 16:45,284.4904091,40,243,289.6666667,56,666.8768116,629.6666667,456.9188641,488.3759397,862,-572.3333333,284.4904091,0,-232.3333333
05/07/2021 17:00,418.8237424,54.66666667,307.5333333,56.33333333,56,711.5434783,2324.466667,510.6169459,431.9109407,1018,-961.6666667,418.8237424,0,1306.466667
05/07/2021 17:15,328.6504091,155.3333333,480.0576921,46,56,657.810145,2417.866667,411.0411415,376,686,-640,328.6504091,0,1731.866667
05/07/2021 17:30,809.1170757,110.6666667,560.2188641,46,92.66666667,709.8768116,1585.333333,400.5237424,408.8629842,551,-505,809.1170757,0,1034.333333
05/07/2021 17:45,487.8196646,109,395.5521974,142.6666667,184.7333333,788.210145,781.9700405,400.5237424,419.3759397,711,-568.3333333,487.8196646,0,70.9700405
05/07/2021 18:00,381.6707444,215.6666667,395.5521974,401.6666667,802.1266667,774.8768116,2450.442607,400.5237424,387.109273,309,92.66666667,381.6707444,0,2141.442607
05/07/2021 18:15,384.8237424,253,347.1521974,421.122449,2494.971611,887.7907216,2607.242607,520.6710798,475.709273,693,-271.877551,384.8237424,0,1914.242607
05/07/2021 18:30,1162.904328,255.6040778,380.8278386,1359.522077,2145.852197,1198.397655,974.2426064,612.3666667,387.0426064,367,992.5220773,1162.904328,0,607.2426064
05/07/2021 18:45,1492.909273,288.4904091,594.9066667,1613.88932,3049.146443,629.090409,375.8426064,538.6611719,410.9898111,217,1396.88932,1492.909273,0,158.8426064
05/07/2021 19:00,566.0426064,361.8237424,515.0110798,1680.307599,734.2892731,544.1570757,380.7738769,554.2521974,398.2716114,283,1397.307599,566.0426064,0,97.7738769
05/07/2021 19:15,848.0426064,251.8237424,295.1570757,1734.132403,756.5159397,450.8237424,900.1701465,554.2521974,398.4934448,329,1405.132403,848.0426064,0,571.1701465
05/07/2021 19:30,477.8292731,251.8237424,305.8237424,866.7092731,658.009273,567.4904091,629.348361,554.2521974,806.1759398,191,675.7092731,477.8292731,0,438.348361
05/07/2021 19:45,827.5795256,308.2904091,388.8237424,679.0426064,678.809273,589.4904091,707.5759397,605.6759397,522.3759397,103,576.0426064,827.5795256,0,604.5759397
05/07/2021 20:00,579.9581933,372.8237424,826.6237423,752.0959397,690.0759397,504.0942454,542.3759397,797.0759397,473.4426064,60,692.0959397,579.9581933,0,482.3759397
05/07/2021 20:15,861.6759397,472.3370757,636.392998,638.0188641,681.4051953,519.2716114,542.3759397,682.2759397,396.2376617,32,606.0188641,861.6759397,0,510.3759397
05/07/2021 20:30,1038.542606,700.4570757,403.8266667,1289.285531,778.3959398,638.2229418,542.3759397,724.3026064,419.3759397,12,1277.285531,1038.542606,0,530.3759397
05/07/2021 20:45,565.0759397,996.3237423,358.1061498,803.8855307,816.7959398,569.9759397,520.3481011,729.1159397,408.3404469,2,801.8855307,565.0759397,0,518.3481011
05/07/2021 21:00,565.0759397,443.9904091,407.3759397,774.6666667,2663.07594,516.3759397,567.3759397,687.0759397,407.5521974,0,774.6666667,565.0759397,0,567.3759397
05/07/2021 21:15,552.9426064,387.5237424,495.6959397,628.1341819,3087.342607,548.6426064,718.5876902,687.0759397,508.8855307,0,628.1341819,552.9426064,0,718.5876902
05/07/2021 21:30,599.809273,500.4570757,508.709273,674.0426064,3138.181694,527.3759397,553.509273,1056.27594,490.0527953,0,674.0426064,599.809273,0,553.509273
05/07/2021 21:45,776.609273,508.5237424,563.9759397,896.6959398,3177.252197,527.3759397,549.7092731,965.2092731,323.9849143,0,896.6959398,776.609273,0,549.7092731
05/07/2021 22:00,647.7426064,508.5237424,892.0426064,655.6426064,2510.852197,679.709273,920.7620205,1207.142606,507.6959397,0,655.6426064,647.7426064,0,920.7620205
05/07/2021 22:15,565.0759397,988.990409,407.3759397,811.109273,764.4366105,617.0426064,521.2426064,577.2759397,406.3759397,0,811.109273,565.0759397,0,521.2426064
05/07/2021 22:30,555.5426064,574.5237424,407.3759397,663.2737802,656.409273,1028.17594,407.3759397,641.809273,406.3759397,0,663.2737802,555.5426064,0,407.3759397
05/07/2021 22:45,640.7426064,435.9237424,407.3759397,649.5979851,352.9426064,445.3321669,524.5836125,1207.142606,476.6426064,0,649.5979851,640.7426064,0,524.5836125
05/07/2021 23:00,972.6759397,475.8437424,505.3759397,660.1333333,248.0759397,858.7759398,446.2855307,1288.048361,609.3759397,0,660.1333333,972.6759397,0,446.2855307
05/07/2021 23:15,472.3426064,383.5824949,223.7541063,499.3333333,238.6994407,285.3759397,43,702.6759397,507.030702,0,499.3333333,472.3426064,0,43
05/07/2021 23:30,380.5581933,908.7666667,43,594.6487176,279.2521974,431.7759397,43,578.009273,392.030702,0,594.6487176,380.5581933,0,43
05/07/2021 23:45,217.1487176,375.7,43,510.5521974,311.9646518,309.0426064,43,570.9426064,415.909273,0,510.5521974,217.1487176,0,43
06/07/2021 00:00,225.7,411.7,43,332.2855307,287.0333333,232.0071136,43,166.4605555,206.3759397,0,332.2855307,225.7,0,43
06/07/2021 00:15,377.7,219.7,81,353.5521974,56,169.3104395,68.33333333,58.51774644,223.0385287,0,353.5521974,377.7,0,68.33333333
06/07/2021 00:30,213.0333333,175.7,233,208.8855307,56,163,233,126.3333333,384.5521974,0,208.8855307,213.0333333,0,233
06/07/2021 00:45,187.7,175.7,81,117.8855307,56,98.46666667,144.3333333,104.3333333,113.3542123,0,117.8855307,187.7,0,144.3333333
06/07/2021 01:00,311.7,175.7,43,124.1034798,56,250.6666667,43,53,42,0,124.1034798,311.7,0,43
06/07/2021 01:15,260.0333333,175.7,43,256.6666667,92.66666667,137.3333333,43,53,42,0,256.6666667,260.0333333,0,43
06/07/2021 01:30,365.0333333,190.3666667,43,251.6666667,166,42,43,53,42,0,251.6666667,365.0333333,0,43
06/07/2021 01:45,263.7,240.4666667,144.3333333,56.33333333,63.33333333,42,43,53,42,0,56.33333333,263.7,0,43
06/07/2021 02:00,187.7,62,207.6666667,46,56,42,157,111.6666667,219.3333333,0,46,187.7,0,157
06/07/2021 02:15,187.7,40,43,46,56,67.33333333,233,119,130.6666667,0,46,187.7,0,233
06/07/2021 02:30,239.3666667,40,43,180.6666667,56,276.6666667,55.66666667,53,42,0,180.6666667,239.3666667,0,55.66666667
06/07/2021 02:45,341.4266667,40,43,391,70.66666667,86,43,53,42,0,391,341.4266667,0,43
06/07/2021 03:00,178.6666667,40,43,69,166,42,43,53,42,0,69,178.6666667,0,43
06/07/2021 03:15,52,76.66666667,207.6666667,46,85.33333333,42,43,53,42,0,46,52,0,43
06/07/2021 03:30,52,150,144.3333333,46,56,42,55.66666667,97,181.3333333,0,46,52,0,55.66666667
06/07/2021 03:45,52,40,43,66.66666667,56,129.3333333,233,133.6666667,168.6666667,0,66.66666667,52,0,233
06/07/2021 04:00,128,40,43,353,56,258.6666667,157,53,42,0,353,128,0,157
06/07/2021 04:15,363.6666667,40,43,221,56,42,43,53,42,0,221,363.6666667,0,43
06/07/2021 04:30,114,40,81,46,158.6666667,42,43,53,42,0,46,114,0,43
06/07/2021 04:45,52,40,233,46,107.3333333,42,43,53,42,6,40,52,0,37
06/07/2021 05:00,52,98.66666667,81,66.66666667,56,42,43,82.33333333,143.3333333,36,30.66666667,52,0,7
06/07/2021 05:15,77.33333333,128,43,201,56,206,144.3333333,148.3333333,206.6666667,57,144,77.33333333,0,87.3333333
06/07/2021 05:30,242,40,43,246.3333333,56,182,233,53,42,121,125.3333333,242,0,112
06/07/2021 05:45,152,40,43,172.6666667,56,42,68.33333333,53,42,200,-27.33333333,152,0,-131.6666667
06/07/2021 06:00,186.3333333,40,144.3333333,46,136.6666667,42,43,53,42,217,-171,186.3333333,0,-174
06/07/2021 06:15,52,40,207.6666667,66.66666667,129.3333333,42,43,53,42,207,-140.3333333,52,0,-164
06/07/2021 06:30,52,40,43,201,66.66666667,71.33333333,43,67.66666667,105.3333333,345,-144,52,0,-302
06/07/2021 06:45,216.6666667,192.6666667,43,169,1436.8,253.3333333,43,163,706.4666667,311,-142,216.6666667,0,-268
06/07/2021 07:00,140.6666667,677.6196646,43,337.3333333,3173.8,105.3333333,273,53,217.3333333,237,100.3333333,140.6666667,0,36
06/07/2021 07:15,52,224.8237424,43,262.6666667,2378,42,249.6666667,53,242,304,-41.33333333,52,0,-54.3333333
06/07/2021 07:30,196.6666667,64.82374237,213,264,248,42,139.6666667,53,242,633,-369,196.6666667,0,-493.3333333
06/07/2021 07:45,103.6666667,64.82374237,216.3333333,278.0666667,151.3333333,42,615.8,53,242,908,-629.9333333,103.6666667,0,-292.2
06/07/2021 08:00,187.3333333,52.69040904,123,69.33333333,56,122.6666667,189.3333333,69,200.6666667,651,-581.6666667,187.3333333,0,-461.6666667
06/07/2021 08:15,348.6666667,46.30599593,165.6666667,135,56,227.3333333,55.13333333,264.3333333,232,633,-498,348.6666667,0,-577.8666667
06/07/2021 08:30,252,142.6666667,43,249,66.66666667,120,131.6666667,222.3333333,100.6666667,666,-417,252,0,-534.3333333
06/07/2021 08:45,252,84,81,125.1333333,120,138,233,218.3333333,146,528,-402.8666667,252,0,-295
06/07/2021 09:00,1257.666667,40,233,217,218,236.6666667,81,53,228.6666667,1017,-800,1257.666667,0,-936
06/07/2021 09:15,2311.2,40,81,173.6666667,326,264,43,53,242,1319,-1145.333333,2311.2,0,-1276
06/07/2021 09:30,455,40,43,238,2142.533333,352,43,84.66666667,242,1357,-1119,455,0,-1314
06/07/2021 09:45,265,40,43,346.6666667,1207.6,944.6472433,43,201.3333333,403.3333333,1441,-1094.333333,265,0,-1398
06/07/2021 10:00,238.3333333,54.66666667,43,427.3333333,56,247.6237424,43,551.1333333,405.8666667,1588,-1160.666667,238.3333333,0,-1545
06/07/2021 10:15,222.4,150,144.3333333,373.6666667,56,226.8237424,220.3333333,239,1450,1104,-730.3333333,222.4,0,-883.6666667
06/07/2021 10:30,237.6666667,62,207.6666667,216.3333333,70.66666667,266.3688262,182.3333333,334,1550.133333,521,-304.6666667,237.6666667,0,-338.6666667
06/07/2021 10:45,570,40,43,206,176.6666667,759.9376812,43,227.3333333,361.8666667,700,-494,570,0,-657
06/07/2021 11:00,319.6666667,40,43,46,235.4666667,954.950438,43,174,42,1097,-1051,319.6666667,0,-1054
06/07/2021 11:15,258.0666667,40,43,218.6666667,354.5681316,1239.829009,43,254.6666667,181.3333333,1249,-1030.333333,258.0666667,0,-1206
06/07/2021 11:30,52,40,43,365.6666667,394.8855307,812.0956756,43,218,233.4133333,1166,-800.3333333,52,0,-1123
06/07/2021 11:45,52,76.66666667,207.6666667,56.33333333,380.6855307,748.2997534,119,61.06666667,242.92,657,-600.6666667,52,0,-538
06/07/2021 12:00,204,150,144.3333333,104.6666667,405.5521974,685.5860847,233,53,534.6,459,-354.3333333,204,0,-226
06/07/2021 12:15,236,40,43,150,524.2188641,806.4826048,93.66666667,53,2179.146667,504,-354,236,0,-410.3333333
06/07/2021 12:30,165.6666667,88,43,242.9333333,554.6139193,729.2338873,43,53,1734.4,546,-303.0666667,165.6666667,0,-503
06/07/2021 12:45,52,386.4866667,43,675.6,385.6666667,904.3672206,43,119,743.7333333,716,-40.4,52,0,-673
06/07/2021 13:00,52,331.8256606,81,821.8,471.2,632.461381,43,111.6666667,903.8354928,521,300.8,52,0,-478
06/07/2021 13:15,153.3333333,294.1904091,233,261,929.7333333,372.152998,43,53,198.0237424,367,-106,153.3333333,0,-324
06/07/2021 13:30,204,326.1904091,81,239.6666667,362,375.0237424,207.6666667,53,262.1437424,226,13.66666667,204,0,-18.3333333
06/07/2021 13:45,62.33333333,856.590409,43,468.429932,295,846.3570756,195,53,573.6237423,273,195.429932,62.33333333,0,-78
06/07/2021 14:00,207,178.852998,43,1369.612245,218.0666667,225.8237424,43,53,88.49040904,214,1155.612245,207,0,-171
06/07/2021 14:15,83,253.7,43,1414.278912,101.7472526,298.0904091,43,104.3333333,157.6,226,1188.278912,83,0,-183
06/07/2021 14:30,102.6666667,308.7,144.3333333,1345.278912,293.2055307,157.3059959,43,126.3333333,245,237,1108.278912,102.6666667,0,-194
06/07/2021 14:45,242,308.7,207.6666667,1052.530612,207.5521974,250.5014649,43,53,67.66666667,942,110.5306123,242,0,-899
06/07/2021 15:00,64.66666667,188.7,43,66.66666667,207.5521974,508.2188641,106.3333333,53,55,1646,-1579.333333,64.66666667,0,-1539.666667
06/07/2021 15:15,52,259.8333333,75,201,392.6188641,473.5521974,233,53,45.46666667,1203,-1002,52,0,-970
06/07/2021 15:30,145,241.7,163,132.3333333,326.0576921,538.8855307,106.3333333,53,42,940,-807.6666667,145,0,-833.6666667
06/07/2021 15:45,166,175.7,736.0666667,236,216,514.7125023,43,89.66666667,67.33333333,996,-760,166,0,-953
06/07/2021 16:00,358.2069597,175.7,314.3333333,96.66666667,216,340.9570757,43,141,232,732,-635.3333333,358.2069597,0,-689
06/07/2021 16:15,324.3445246,175.7,144.3333333,66.66666667,265.1570757,381.9570757,43,53,92.66666667,516,-449.3333333,324.3445246,0,-473
06/07/2021 16:30,295.3759397,175.7,43,201,267.8237424,752.0338873,43,53,42,1060,-859,295.3759397,0,-1017
06/07/2021 16:45,295.3759397,202.3666667,43,56.33333333,2747.650409,671.3672206,195,53,42,1204,-1147.666667,295.3759397,0,-1009
06/07/2021 17:00,316.0426064,1139.366667,43,160,421.9837424,842.6024721,207.6666667,79.66666667,42,568,-408,316.0426064,0,-360.3333333
06/07/2021 17:15,572.093185,1840.433333,81,236,670.2275787,813.5434783,43,115,42,324,-88,572.093185,0,-281
06/07/2021 17:30,386.6666667,775.5,303.1611719,79.33333333,344.32,756.4747967,43,235.6666667,219.3333333,156,-76.66666667,386.6666667,0,-113
06/07/2021 17:45,375.9171061,382.3133333,219.2188641,201,256,911.3623424,43,194.3333333,130.6666667,169,32,375.9171061,0,-126
06/07/2021 18:00,419.2521974,509.6863313,274.5521974,77.93333333,2023.333333,834.5623424,44.57649898,254.4549162,42,228,-150.0666667,419.2521974,0,-183.423501
06/07/2021 18:15,419.2521974,251.8237424,290.6855307,256,1191.333333,599.0956756,209.8237424,313.5481011,60.66666667,263,-7,419.2521974,0,-53.1762576
06/07/2021 18:30,507.9188641,266.4904091,795.3521973,450.6666667,562.3741497,732.888716,965.6237423,330.3759397,581.8576921,147,303.6666667,507.9188641,0,818.6237423
06/07/2021 18:45,711.4521974,442.4904091,477.9542123,353.3333333,1576.641539,559.944951,451.8237424,303.709273,680.2855307,283,70.33333333,711.4521974,0,168.8237424
06/07/2021 19:00,633.2521974,394.8237424,541.2875456,323,2084.054852,319.395363,481.5570757,527.3759397,431.4032771,382,-59,633.2521974,0,99.5570757
06/07/2021 19:15,540.2521974,362.576499,397.9169459,129.5333333,1518.721518,382.2426064,496.7961636,461.8896084,974.2426064,197,-67.46666667,540.2521974,0,299.7961636
06/07/2021 19:30,544.1934448,361,407.3759397,46,1174.117437,463.3759397,410.2666667,570.8727741,419.3759397,84,-38,544.1934448,0,326.2666667
06/07/2021 19:45,549.7426064,894.0666667,407.3759397,46,1592.35594,518.9620204,399.0347983,687.0759397,419.3759397,65,-19,549.7426064,0,334.0347983
06/07/2021 20:00,742.0759397,342.7466667,407.3759397,256.6666667,786.2013589,637.2605556,547.1521974,657.6272222,408.109273,32,224.6666667,742.0759397,0,515.1521974
06/07/2021 20:15,608.409273,387.6533333,950.8078082,365.2646518,741.409273,543.2502792,640.2581933,631.3237424,940.3092731,9,356.2646518,608.409273,0,631.2581933
06/07/2021 20:30,707.0759397,384,502.5252073,302.4855307,1089.87594,414.4188641,686.1759398,731.6570757,1030.909273,12,290.4855307,707.0759397,0,674.1759398
06/07/2021 20:45,962.2092731,294.8472434,420.3759397,525.4934448,648.009273,110.218864,286.3759397,679.2481011,573.0071136,2,523.4934448,962.2092731,0,284.3759397
06/07/2021 21:00,517.1139193,445.1970757,420.3759397,597.3759397,660.9426064,76.15219735,300.0585406,674.0759397,413.8581933,1,596.3759397,517.1139193,0,299.0585406
06/07/2021 21:15,605.3666667,508.5237424,404.2426064,669.111288,677.0759397,284.4716114,396.8585406,674.0759397,418.509273,0,669.111288,605.3666667,0,396.8585406
06/07/2021 21:30,590.2177465,508.5237424,983.3759398,1487.830702,757.7426064,583.8,469.7759397,674.0759397,412.4426064,0,1487.830702,590.2177465,0,469.7759397
06/07/2021 21:45,544.6550608,508.5237424,597.8724599,598.109273,750.409273,541,719.3759397,674.0759397,419.3759397,0,598.109273,544.6550608,0,719.3759397
06/07/2021 22:00,678.7426064,515.0333333,413.8237424,489.4661074,597.470995,616.2119044,1151.109273,772.4759397,474.2953538,0,489.4661074,678.7426064,0,1151.109273
06/07/2021 22:15,647.7426064,471.7666667,398.9620204,503.2346923,645.5237424,472.6699438,529.3759397,719.5356467,609.3759397,0,503.2346923,647.7426064,0,529.3759397
06/07/2021 22:30,739.7292731,296.7,407.3759397,649.6426064,527.8653556,406.3759397,944.2605554,1220.142606,422.509273,0,649.6426064,739.7292731,0,944.2605554
06/07/2021 22:45,569.1661074,296.7,397.1286964,957.1759398,544.2521974,349.909273,376.8237424,687.0759397,406.3759397,0,957.1759398,569.1661074,0,376.8237424
06/07/2021 23:00,1023.26631,296.7,296.8855307,929.9849143,611.5896084,445.8356467,381.030702,678.409273,406.3759397,0,929.9849143,1023.26631,0,381.030702
06/07/2021 23:15,466.2437424,296.7,360.2188641,674.0426064,651.409273,748.9570757,1143.258193,672.4689801,273.0426064,0,674.0426064,466.2437424,0,1143.258193
06/07/2021 23:30,426.1570757,216.0333333,182.9313184,411.5521974,556.0759397,297.8237424,707.5521974,656.2570757,202.2605556,0,411.5521974,426.1570757,0,707.5521974
06/07/2021 23:45,482.4904091,256.3666667,164,209.4188641,432.6252073,245.152998,517.5521974,479.5980818,252.8628303,0,209.4188641,482.4904091,0,517.5521974
07/07/2021 00:00,318.9570757,343.0333333,123.6666667,232.5521974,670.0570757,242,517.5521974,401.7,92.66666667,0,232.5521974,318.9570757,0,517.5521974
07/07/2021 00:15,179.3961636,370.3666667,43,187.1611719,400.3040777,349.3923273,511.2417579,390.4333333,42,0,187.1611719,179.3961636,0,511.2417579
07/07/2021 00:30,52,375.7,207.6666667,236,137.9,550.8237424,681.8,188.7,42,0,236,52,0,681.8
07/07/2021 00:45,52,424.1,144.3333333,58.66666667,166,477.4904091,190.3333333,188.7,42,0,58.66666667,52,0,190.3333333
07/07/2021 01:00,77.33333333,496.7,43,66.66666667,63.33333333,374.8237424,355,174.9933333,42,0,66.66666667,77.33333333,0,355
07/07/2021 01:15,366,496.7,43,201,56,438.5688262,266.3333333,119,219.3333333,0,201,366,0,266.3333333
07/07/2021 01:30,162.3333333,599.3666667,43,56.33333333,56,487.1452377,165,53,130.6666667,0,56.33333333,162.3333333,0,165
07/07/2021 01:45,52,540.7,81,198,56,445.2188641,108.0666667,53,42,0,198,52,0,108.0666667
07/07/2021 02:00,52,373.74,233,210.6666667,70.66666667,396.5521974,43,53,42,0,210.6666667,52,0,43
07/07/2021 02:15,52,240,81,66.66666667,166,245.8855307,43,53,42,0,66.66666667,52,0,43
07/07/2021 02:30,216.6666667,240,43,201,85.33333333,72.8576921,157,97,42,0,201,216.6666667,0,157
07/07/2021 02:45,192.3333333,240,43,56.33333333,56,42,233,133.6666667,181.3333333,0,56.33333333,192.3333333,0,233
07/07/2021 03:00,196.6666667,254.6666667,43,46,56,42,55.66666667,53,168.6666667,0,46,196.6666667,0,55.66666667
07/07/2021 03:15,52,350,144.3333333,236,56,147.3333333,43,53,42,0,236,52,0,43
07/07/2021 03:30,52,262,207.6666667,193.3333333,56,240.6666667,43,53,42,0,193.3333333,52,0,43
07/07/2021 03:45,166,240,43,201,158.6666667,42,43,53,42,0,201,166,0,43
07/07/2021 04:00,191.3333333,240,43,56.33333333,107.3333333,42,55.66666667,82.33333333,42,0,56.33333333,191.3333333,0,55.66666667
07/07/2021 04:15,52,240,43,46,56,42,233,148.3333333,143.3333333,0,46,52,0,233
07/07/2021 04:30,186.3333333,373.2666667,43,84,56,42,157,53,206.6666667,1,83,186.3333333,0,156
07/07/2021 04:45,114,1209.533333,218.3333333,256.6666667,56,224,43,53,42,7,249.6666667,114,0,36
07/07/2021 05:00,115.3333333,350,187,289.6666667,56,164,43,53,42,16,273.6666667,115.3333333,0,27
07/07/2021 05:15,242,240,75,56.33333333,136.6666667,42,43,53,42,41,15.33333333,242,0,2
07/07/2021 05:30,52,40,43,46,129.3333333,42,43,67.66666667,42,75,-29,52,0,-32
07/07/2021 05:45,52,40,43,46,56,42,144.3333333,163,105.3333333,106,-60,52,0,38.3333333
07/07/2021 06:00,114,40,81,142.6666667,56,64,233,53,232,134,8.666666667,114,0,99
07/07/2021 06:15,199,40,233,391,56,278.6666667,68.33333333,53,68,182,209,199,0,-113.6666667
07/07/2021 06:30,242,98.66666667,81,107,56,87.33333333,53.66666667,53,82,212,-105,242,0,-158.3333333
07/07/2021 06:45,102.6666667,128,43,59.33333333,114.6666667,42,111.2,53,106,208,-148.6666667,102.6666667,0,-96.8
07/07/2021 07:00,54.66666667,40,43,126,151.3333333,79.33333333,136,53,138,269,-143,54.66666667,0,-133
07/07/2021 07:15,156,80,69.66666667,221.3333333,56,167.3333333,181.3333333,163,227.3333333,397,-175.6666667,156,0,-215.6666667
07/07/2021 07:30,230.6666667,136,358.6,521.0666667,56,819.0666667,2002.133333,67.66666667,432,352,169.0666667,230.6666667,0,1650.133333
07/07/2021 07:45,548.6666667,216,371.3333333,459.3333333,59.46666667,460,2497.733333,53,292.6666667,469,-9.666666667,548.6666667,0,2028.733333
07/07/2021 08:00,405,173.3333333,164,271.6666667,93,54.66666667,600.7333333,53,242,737,-465.3333333,405,0,-136.2666667
07/07/2021 08:15,252,120.6666667,164,263.2069597,183,81.86666667,43,53,108.6666667,527,-263.7930403,252,0,-484
07/07/2021 08:30,254.6,106,164,311.2188641,269.6666667,526.8,75,61,42,592,-280.7811359,254.6,0,-517
07/07/2021 08:45,265,40,59.13333333,432.5521974,264.8,190,139,298.4,42,984,-551.4478026,265,0,-845
07/07/2021 09:00,366.3333333,40,221,573.1521974,256,419.3333333,265,344.6666667,219.3333333,972,-398.8478026,366.3333333,0,-707
07/07/2021 09:15,489.3333333,40,232.3333333,708.7521973,256,551,433,374,130.6666667,1326,-617.2478027,489.3333333,0,-893
07/07/2021 09:30,922.0666667,40,717.4,245.1382781,221.3333333,275,257,366,42,1376,-1130.861722,922.0666667,0,-1119
07/07/2021 09:45,313.9086957,40,203,231,870.4,163,203,334,42,1434,-1203,313.9086957,0,-1231
07/07/2021 10:00,629.5434783,142.6666667,203,374,2405.133333,42,736.0666667,141.7333333,192.4,1521,-1147,629.5434783,0,-784.9333333
07/07/2021 10:15,681.0024721,84,241,285.8,274.7820509,108,203,133.6666667,532.6666667,1562,-1276.2,681.0024721,0,-1359
07/07/2021 10:30,951.9054988,53.33333333,393,530,997.6855306,128,43,97,2301.333333,1611,-1081,951.9054988,0,-1568
07/07/2021 10:45,743.7660847,88,222.3333333,466.6666667,2539.88553,218,220.3333333,53,984.6666667,1699,-1232.333333,743.7660847,0,-1478.666667
07/07/2021 11:00,1022.952751,178.6666667,43,352.8666667,618.018864,138,182.3333333,53,202,1507,-1154.133333,1022.952751,0,-1324.666667
07/07/2021 11:15,950.779418,178.6666667,43,460.5333333,207.5521974,174.1333333,43,53,202,783,-322.4666667,950.779418,0,-740
07/07/2021 11:30,878.4242513,281.1098323,43,176.3333333,813.8368132,182.3333333,43,53,162,862,-685.6666667,878.4242513,0,-819
07/07/2021 11:45,993.2434783,402.8237424,544.1333333,446.726087,230.4863313,315.2369671,43,119,162,818,-371.273913,993.2434783,0,-775
07/07/2021 12:00,1321.976812,341.9637424,207.6666667,776.5434783,236.2237424,294.509273,43,111.6666667,808.5333333,1774,-997.4565217,1321.976812,0,-1731
07/07/2021 12:15,730.910145,439.1904091,226.9333333,696.3631429,468.7570757,987.8426064,127,53,339.6666667,1388,-691.6368571,730.910145,0,-1261
07/07/2021 12:30,1798.77409,444.3237424,416.2,778.0338873,2531.890409,337.6426064,289,53,175,1753,-974.9661127,1798.77409,0,-1464
07/07/2021 12:45,1956.52239,344.3707444,147,1045.833887,188.8237424,339.3759397,200.1333333,53,95,1340,-294.1661127,1956.52239,0,-1139.866667
07/07/2021 13:00,1721.160071,304.4882495,123,676.3672206,269.4904091,343.6970214,136,53,42.86666667,1573,-896.6327794,1721.160071,0,-1437
07/07/2021 13:15,1590.554003,1144.190409,234.3333333,688.3672206,252.6980818,362.1452377,149.3333333,104.3333333,42,1498,-809.6327794,1590.554003,0,-1348.666667
07/07/2021 13:30,515.4994407,2436.190409,144.3333333,830.8768116,117.6666667,313.3521974,157.3333333,126.3333333,105.3333333,1439,-608.1231884,515.4994407,0,-1281.666667
07/07/2021 13:45,521.609273,1147.257076,43,838.5434783,128.2666667,433.4346923,52.53333333,53,237.3333333,675,163.5434783,521.609273,0,-622.4666667
07/07/2021 14:00,522.409273,337.5237424,43,259.5695652,345.8,360.709273,207.6666667,53,142.6666667,592,-332.4304348,522.409273,0,-384.3333333
07/07/2021 14:15,742.409273,354.7040778,43,203.3333333,418,339.3759397,195,53,202,552,-348.6666667,742.409273,0,-357
07/07/2021 14:30,620.4043283,348.7,81,46,876.4666667,435.8883941,43,87.66666667,202,1402,-1356,620.4043283,0,-1359
07/07/2021 14:45,342.852998,340.7,233,180.6666667,516,342.4744748,51,129.6666667,207.2,1072,-891.3333333,342.852998,0,-1021
07/07/2021 15:00,286.7380818,394.3666667,81,444.3333333,385.4,341.9994407,104.3333333,141,365.0904091,972,-527.6666667,286.7380818,0,-867.6666667
07/07/2021 15:15,223.8237424,423.7,43,106.3333333,288.6,427.4188641,144.3333333,53,544.1341819,733,-626.6666667,223.8237424,0,-588.6666667
07/07/2021 15:30,414.6770757,432.5,43,46,216,367.5521974,266.3333333,53,430.0426064,551,-505,414.6770757,0,-284.6666667
07/07/2021 15:45,662.4904091,462.0333333,43,46,248,991.9521973,792.8,53,390.0426064,1139,-1093,662.4904091,0,-346.2
07/07/2021 16:00,513.4904091,496.7,144.3333333,66.66666667,292.6666667,495.8417579,295.6666667,53,408.109273,606,-539.3333333,513.4904091,0,-310.3333333
07/07/2021 16:15,384.8237424,496.7,207.6666667,353,366,500.8278386,2223.533333,75,339.4778579,1059,-706,384.8237424,0,1164.533333
07/07/2021 16:30,384.8281859,256.3,43,221,318.3910255,540.8188641,2223.533333,155.6666667,273.5521974,1206,-985,384.8281859,0,1017.533333
07/07/2021 16:45,404.5521974,355.0333333,43,46,808.3521973,450.7366105,776.0666667,53,423.540293,937,-891,404.5521974,0,-160.9333333
07/07/2021 17:00,460.8855307,414.1,69.66666667,46,541.818864,519.309273,243,93,330.6666667,978,-932,460.8855307,0,-735
07/07/2021 17:15,412.4855307,655.2333333,674.7333333,66.66666667,587.9521973,597.7759397,511.4855307,93,242,727,-660.3333333,412.4855307,0,-215.5144693
07/07/2021 17:30,565.0699438,431.5,327.6666667,201,1684.218864,703.2655002,530.2188641,95.66666667,253.8237424,762,-561,565.0699438,0,-231.7811359
07/07/2021 17:45,437.0426064,250.4,323,246.3333333,1674.170146,508.090409,365.5521974,177.6,120.490409,353,-106.6666667,437.0426064,0,12.5521974
07/07/2021 18:00,409.430702,350.4,243,172.6666667,449.3,532.0510798,365.5521974,346.6666667,56.49040904,160,12.66666667,409.430702,0,205.5521974
07/07/2021 18:15,545.4904091,240,333.1256606,46,502.6333333,491.431569,591.818864,273.3333333,345.1570757,150,-104,545.4904091,0,441.818864
07/07/2021 18:30,513.7570757,342.6666667,375.8237424,124.4069597,638.6333333,450.3759397,2499.984066,287.0347983,379.7021596,403,-278.5930403,513.7570757,0,2096.984066
07/07/2021 18:45,325.2040778,284,2252.890409,484.7521974,1046.5,501.709273,1559.4,288.8855307,271.4487176,72,412.7521974,325.2040778,0,1487.4
07/07/2021 19:00,356.1215828,40,2263.423742,447.8855307,619.9,406.3759397,633.3967708,357.9404469,273.5521974,248,199.8855307,356.1215828,0,385.3967708
07/07/2021 19:15,356.8237424,40,405.152998,621.5521974,625.7666667,406.3759397,618.3759397,417.3759397,349.909273,148,473.5521974,356.8237424,0,470.3759397
07/07/2021 19:30,339.8237424,40,391.3452377,592.2188641,649.4414013,546.5881435,342.3759397,597.8426064,406.3759397,46,546.2188641,339.8237424,0,296.3759397
07/07/2021 19:45,441.1570757,40,395.5521974,499.8855307,690.0759397,255,243.2426064,573.3759397,480.3640354,58,441.8855307,441.1570757,0,185.2426064
07/07/2021 20:00,263.8237424,54.66666667,517.7759397,644.4945053,770.6359397,431,208.3759397,678.029273,571.0426064,35,609.4945053,263.8237424,0,173.3759397
07/07/2021 20:15,252.7882495,150,508.709273,612.2666667,947.3159399,541,105.7703004,666.0411415,406.3759397,7,605.2666667,252.7882495,0,98.7703004
07/07/2021 20:30,283,62,572.0426064,686,768.0759397,503.0576921,182.3333333,655.5237424,399.2816943,3,683,283,0,179.3333333
07/07/2021 20:45,529.1333333,42.66666667,327.4237424,800,848.7426064,515.5521974,220.3333333,590.9904091,396.1286964,0,800,529.1333333,0,220.3333333
07/07/2021 21:00,604.3541063,115.6393293,270.9570757,641.2040778,785.2327741,680.2188641,43,610.5973687,419.3759397,0,641.2040778,604.3541063,0,43
07/07/2021 21:15,590.0759397,195.8237424,394.7550608,654.8237424,1210.142606,558.52486,43,719.2946923,1015.77594,0,654.8237424,590.0759397,0,43
07/07/2021 21:30,552.0759397,651.6237423,407.3759397,373.5570757,854.8759397,1154.695354,43,718.2359397,1009.17594,0,373.5570757,552.0759397,0,43
07/07/2021 21:45,487.5426064,344.9570757,1105.109273,379.8237424,596.409273,495.8237424,53.66666667,674.0759397,880.1092731,0,379.8237424,487.5426064,0,53.66666667
07/07/2021 22:00,429.4994407,482.8237424,308.709273,500.3139101,677.0759397,495.8237424,236.7333333,674.0759397,218.709273,0,500.3139101,429.4994407,0,236.7333333
07/07/2021 22:15,764.1319163,367.3059959,207.3759397,699.6666667,735.7426064,518.7923273,523.6751879,674.0759397,73.80902247,0,699.6666667,764.1319163,0,523.6751879
07/07/2021 22:30,723.409273,361,191.2426064,774.5014649,772.409273,657.2502792,494.3759397,727.0689801,42,0,774.5014649,723.409273,0,494.3759397
07/07/2021 22:45,552.0759397,361,74.813466,1111.752197,670.7699438,575.0426064,408.3759397,572.8570757,67.33333333,0,1111.752197,552.0759397,0,408.3759397
07/07/2021 23:00,595.809273,280.3333333,81,519.5521974,576.5188641,457.709273,408.3759397,642.5237424,232,0,519.5521974,595.809273,0,408.3759397
07/07/2021 23:15,344.009273,240,233,519.5521974,533.7347983,325.709273,480.909273,642.5237424,92.66666667,0,519.5521974,344.009273,0,480.909273
07/07/2021 23:30,322.9960669,238.3059959,81,698.2591478,312.7,85.37593973,393.9668113,775.790409,42,0,698.2591478,322.9960669,0,393.9668113
07/07/2021 23:45,387.0333333,139.8237424,43,686.1570757,349.3666667,130.52486,490.6666667,877.4849142,42,0,686.1570757,387.0333333,0,490.6666667
